district_id,district_name,population
5761,Barguna,780947
5762,Barisal,1969383
5763,Bhola,1578126
5764,Jhalokati,587530
5765,Patuakhali,1380484
5766,Pirojpur,944753
5767,Bandarban,461487
5768,Brahamanbaria,2807818
5769,Chandpur,2188504
5770,Chittagong,7311636
5771,Comilla,5185577
5772,Cox's Bazar,2316918
5773,Feni,1367810
5774,Khagrachhari,629804
5775,Lakshmipur,1735721
5776,Noakhali,2985396
5777,Rangamati,606302
5778,Dhaka,13754760
5779,Faridpur,1750129
5780,Gazipur,5093896
5781,Gopalganj,975016
5782,Jamalpur,2090691
5783,Kishoreganj,2814814
5784,Madaripur,1031449
5785,Manikganj,1296411
5786,Munshiganj,1389342
5787,Mymensingh,4944303
5788,Narayanganj,3286024
5789,Narsingdi,2224862
5790,Netrakona,2083516
5791,Rajbari,986090
5792,Shariatpur,1033907
5793,Sherpur,1231790
5794,Tangail,3310829
5795,Bagerhat,1235224
5796,Chuadanga,1035092
5797,Jessore,2601491
5798,Jhenaidah,1671022
5799,Khulna,1976743
5800,Kushtia,1831125
5801,Magura,871096
5802,Meherpur,555146
5803,Narail,653211
5804,Satkhira,1709462
5805,Bogra,3279672
5806,Dinajpur,2843118
5807,Gaibandha,2253455
5808,Joypurhat,847617
5809,Kurigram,1975216
5810,Lalmonirhat,1204748
5811,Naogaon,2413443
5812,Natore,1623066
5813,Nawabganj,1562053
5814,Nilphamari,1791255
5815,Pabna,2451579
5816,Panchagarh,995196
5817,Rajshahi,2508113
5818,Rangpur,2750847
5819,Sirajganj,3054450
5820,Thakurgaon,1335412
5821,Habiganj,2097046
5822,Maulvibazar,1888137
5823,Sunamganj,2491540
5824,Sylhet,3981067
