district_id,district_name,dfo_avg_severity,gfd_avg_flooded_fraction,gfd_max_flooded_fraction,gfd_event_count,has_recorded_event,historical_magnitude
5762,Barisal,1.0,0.24612136166825568,1.0,43.0,True,0.12306068083412784
5763,Bhola,1.0,0.23181893428287487,1.0,42.0,True,0.11590946714143743
5764,Jhalokati,1.0,0.027236169481174386,0.0375699898891692,7.0,True,0.013618084740587193
5765,Patuakhali,1.25,0.05339580942426562,0.1438118096038706,28.0,True,0.15169790471213282
5766,Pirojpur,1.0,0.036836354904389,0.0634287604347371,19.0,True,0.0184181774521945
5767,Bandarban,1.0,,,,True,0.0
5768,Brahamanbaria,1.0,0.3785884156425376,0.8151781099388666,26.0,True,0.1892942078212688
5769,Chandpur,,0.2907767181450033,0.9890147591050356,55.0,True,0.2907767181450033
5770,Chittagong,1.0909090909090908,0.037595472960382764,0.0627120990911839,13.0,True,0.0642522819347368
5771,Comilla,1.0,0.0951546405811533,0.3062171716916824,25.0,True,0.04757732029057665
5772,Cox's Bazar,1.0,0.14296238386300036,0.195119362256479,20.0,True,0.07148119193150018
5773,Feni,1.0,0.06436326119788358,0.1326872160831813,11.0,True,0.03218163059894179
5774,Khagrachhari,,,,,False,0.10850356063623705
5775,Lakshmipur,,0.08059759295582658,0.1794740677224831,20.0,True,0.08059759295582658
5776,Noakhali,,0.06703541471129065,0.1564802747004863,39.0,True,0.06703541471129065
5777,Rangamati,,0.10850356063623705,0.1650467067586111,19.0,True,0.10850356063623705
5778,Dhaka,2.0,0.13436438244681517,0.4569296263684643,23.0,True,0.5671821912234076
5779,Faridpur,1.0,0.14800947830913644,0.5503294928816416,25.0,True,0.07400473915456822
5780,Gazipur,1.0,0.06114747026391903,0.141312357941934,19.0,True,0.030573735131959514
5781,Gopalganj,1.0,0.0997326190881171,0.1969514635473847,11.0,True,0.04986630954405855
5782,Jamalpur,1.5,0.22694735052767231,0.7790076881353323,40.0,True,0.36347367526383617
5783,Kishoreganj,1.5,0.5072471116233634,0.7070938775659121,28.0,True,0.5036235558116817
5784,Madaripur,1.0,0.1642325922001253,0.4661578514325014,24.0,True,0.08211629610006264
5785,Manikganj,1.0,0.3665822130823147,0.9958622565271448,41.0,True,0.18329110654115735
5786,Munshiganj,,0.16336179579239013,0.393003212605427,28.0,True,0.16336179579239013
5787,Mymensingh,1.1666666666666667,0.07744844152650479,0.220304471005323,16.0,True,0.12205755409658577
5788,Narayanganj,,0.13319701622990174,0.3572321890379033,26.0,True,0.13319701622990174
5789,Narsingdi,1.0,0.17990109989677502,0.3655817923371375,24.0,True,0.08995054994838751
5790,Netrakona,,0.3586440762104571,0.6577188436791408,28.0,True,0.3586440762104571
5791,Rajbari,,0.2947356868250142,0.965100273552524,71.0,True,0.2947356868250142
5792,Shariatpur,,0.20667333616426498,1.0,48.0,True,0.20667333616426498
5793,Sherpur,1.1,0.11220975333286146,0.4044797167217068,19.0,True,0.10610487666643077
5794,Tangail,1.125,0.19829309111312424,0.8027374381417327,39.0,True,0.1616465455565621
5795,Bagerhat,,0.11993234696015402,0.2019723625116991,33.0,True,0.11993234696015402
5796,Chuadanga,,0.044521299519574,0.0909298730791311,4.0,True,0.044521299519574
5797,Jessore,1.0,0.05897983574271866,0.1362404187698634,26.0,True,0.02948991787135933
5798,Jhenaidah,1.0,0.06792454205543347,0.1444137623490668,8.0,True,0.033962271027716734
5799,Khulna,1.0,0.16932493237884494,0.3041624126760184,33.0,True,0.08466246618942247
5800,Kushtia,,0.13971169759943428,0.3584954717550168,45.0,True,0.13971169759943428
5801,Magura,1.0,0.11126700812361864,0.2715639064075136,14.0,True,0.05563350406180932
5802,Meherpur,,0.02865487475175332,0.0380425893164455,6.0,True,0.02865487475175332
5803,Narail,,0.05742606914701991,0.1294803741529082,14.0,True,0.05742606914701991
5804,Satkhira,1.3333333333333333,0.22690350210464938,0.3721048791400234,33.0,True,0.2801184177189913
5821,Habiganj,1.0,0.2777933805940875,0.6209151476516958,27.0,True,0.13889669029704374
5822,Maulvibazar,1.0,0.139454773793905,0.2692713506093395,27.0,True,0.0697273868969525
5823,Sunamganj,1.0,0.6136329313434769,0.8904554140357234,30.0,True,0.3068164656717384
5824,Sylhet,1.4,0.346388443100031,0.6469245667151782,28.0,True,0.37319422155001547
5805,Bogra,1.0,0.11206423524599837,0.3063703437788369,40.0,True,0.056032117622999186
5808,Joypurhat,,0.12661894707154042,0.300653619953086,9.0,True,0.12661894707154042
5811,Naogaon,,0.11793880640062858,0.3312861198351068,56.0,True,0.11793880640062858
5812,Natore,,0.15089376901269555,0.4083599099830231,60.0,True,0.15089376901269555
5813,Nawabganj,,0.11120162252019904,0.4664948493987702,44.0,True,0.11120162252019904
5815,Pabna,1.0,0.18556287942497762,0.389354734033995,62.0,True,0.09278143971248881
5817,Rajshahi,,0.12874202605629131,0.3588019281642481,52.0,True,0.12874202605629131
5819,Sirajganj,1.0,0.34131334885129244,0.9132130433351746,41.0,True,0.17065667442564622
5806,Dinajpur,1.0,0.13166420297413414,0.5321839892819082,5.0,True,0.06583210148706707
5807,Gaibandha,1.5,0.20935457592813284,0.4685213981152085,44.0,True,0.3546772879640664
5809,Kurigram,1.0,0.25574326932678476,0.691323266539597,45.0,True,0.12787163466339238
5810,Lalmonirhat,,0.049600032427405946,0.3801331049223488,20.0,True,0.049600032427405946
5814,Nilphamari,1.0,0.1600338637832056,0.2952337972779272,2.0,True,0.0800169318916028
5816,Panchagarh,,0.066291088994072,0.1428851898973491,3.0,True,0.066291088994072
5818,Rangpur,1.0,0.08117737697065047,0.4068321596653405,8.0,True,0.040588688485325236
5820,Thakurgaon,,0.2564522787064022,0.2564522787064022,1.0,True,0.2564522787064022
5761,Barguna,,0.05297991952871078,0.0978397658091588,27.0,True,0.05297991952871078
