district,deforested_km2,forest_km2_2016,forest_km2_2024,land_km2,ever_forest_km2,forest_pct_now,forest_loss_pct,protected_loss_km2,forest_km2_per_year,forest_pct_per_year,years_available,trend,recent_loss_km2,loss_rate_all_km2_yr,loss_rate_recent_km2_yr,acceleration,alert,priority,restoration_need,restoration_tier,projected_loss_pct,projected_lo,projected_hi,projected_loss_km2,risk_tier,edge_ratio,nbr_loss_pct,net_change_km2
Barisal,483.3405456542969,1138.2115478515625,818.5388793945312,1827.5869140625,1277.473876953125,44.78795908945421,37.8356500570565,0.0,-38.71789347330267,-3.926010390103539,9,declining,189.04417419433594,60.418,63.015,1.04,False,Medium,39.8,Low,9.66,-7.19,26.5,79.07,High,0.6453708207350998,26.16491364193202,-319.67266845703125
Bhola,241.621337890625,533.44873046875,425.9247131347656,1372.5831298828125,700.0318603515625,31.030886498738326,34.51576300674094,0.0,-10.383052571612476,-1.9999714708429916,9,declining,95.6696548461914,30.203,31.89,1.06,False,Medium,38.1,Low,-6.7,-23.54,10.14,-28.54,Low,0.8012063882431816,29.09328920727422,-107.52401733398438
Jhalokati,153.94509887695312,419.7163391113281,342.25494384765625,680.707763671875,495.0499572753906,50.27927726304517,31.096881560039247,0.0,-8.834075927732927,-2.2007592705008743,9,declining,78.8499984741211,19.243,26.283,1.37,False,Medium,31.7,Low,15.14,-1.71,31.98,51.82,High,0.6628444379452181,28.44303932676554,-77.46139526367188
Patuakhali,135.86245727539062,80.7232894897461,30.801923751831055,2036.7845458984375,179.26303100585938,1.5122818863614338,75.78944554995829,0.0,-8.76319878895854,-10.237081025725981,9,declining,51.0768928527832,16.983,17.026,1.0,False,Medium,80.8,High,12.98,-3.87,29.82,4.0,High,0.9699879479195067,32.26757142026836,-49.92136573791504
Pirojpur,218.43093872070312,647.56884765625,564.7211303710938,1121.7081298828125,765.986328125,50.34474791852418,28.516297315042646,0.0,-11.846271769203838,-1.9181075198792894,9,declining,86.28104400634766,27.304,28.76,1.05,False,Medium,29.4,Low,9.18,-7.66,26.02,51.84,High,0.5924113021163935,26.59664034656646,-82.84771728515625
Bandarban,41.85868453979492,4591.52099609375,4565.93994140625,4611.7236328125,4602.08984375,99.00723254358743,0.909558178153395,0.0,-3.951944986978595,-0.08632505572645827,9,stable,15.269522666931152,5.232,5.09,0.97,False,Low,11.2,Low,1.48,-15.36,18.32,67.58,Medium,0.049149764144007436,5.4653410795957384,-25.5810546875
Brahamanbaria,179.6997528076172,249.29991149902344,256.4177551269531,1343.619873046875,431.9319763183594,19.08409962301945,41.60371601549774,0.0,4.75840504964093,1.8257564263124677,9,recovering,47.31553268432617,22.462,15.772,0.7,False,Medium,38.0,Low,11.9,-4.95,28.74,30.51,High,0.7397974030196742,19.84402322793482,7.1178436279296875
Chandpur,366.3294372558594,920.9701538085938,695.7637329101562,1329.555419921875,1055.079345703125,52.330555197995395,34.72055810283448,0.0,-22.923562622067934,-2.779473760141005,9,declining,136.0448455810547,45.791,45.348,0.99,False,Medium,33.3,Low,15.78,-1.06,32.62,109.79,High,0.73026142707774,21.855164651810238,-225.2064208984375
Chittagong,487.73101806640625,2886.990234375,2567.512451171875,4076.49365234375,3159.31640625,62.98335457227322,15.43786551741192,0.3688521540513172,-38.55194091796245,-1.3818582767438423,9,declining,133.2194366455078,60.966,44.406,0.73,False,Medium,34.5,Low,-1.19,-18.04,15.65,-30.55,Low,0.41289447061963686,13.001772457938124,-319.477783203125
Comilla,875.4464721679688,1092.0848388671875,708.0427856445312,2923.46240234375,1599.71484375,24.219322440298562,54.725157773480134,0.0,-27.73118184407403,-2.9914193090125827,9,declining,246.64306640625,109.431,82.214,0.75,False,Medium,63.9,Medium,10.87,-5.97,27.71,76.96,High,0.8665216795756554,33.77264761169302,-384.04205322265625
Cox's Bazar,213.92283630371094,998.3631591796875,925.1029052734375,1576.6436767578125,1126.1995849609375,58.67545843813016,18.99510878536959,2.1706910318370576,-5.965350341796627,-0.6221793192131562,9,stable,54.07456970214844,26.74,18.025,0.67,False,Medium,25.6,Low,1.81,-15.03,18.65,16.74,Medium,0.3732929376126468,4.793935219964919,-73.26025390625
Feni,249.1930389404297,392.08758544921875,222.22720336914062,854.9580078125,506.9754638671875,25.992762374111486,49.15287951799396,0.0,-21.106366984045835,-5.8626802609176645,9,declining,149.05010986328125,31.149,49.683,1.6,True,High,57.0,Medium,-4.77,-21.61,12.07,-10.6,Low,0.7904039596036276,20.01961949411221,-169.86038208007812
Khagrachhari,74.58855438232422,2734.922607421875,2673.59765625,2841.22021484375,2776.46728515625,94.10033204332356,2.6864553665406015,0.0,-7.350508626300589,-0.26953057636877453,9,stable,33.722434997558594,9.324,11.241,1.21,False,Medium,12.8,Low,0.68,-16.16,17.53,18.18,Low,0.10348998534935809,5.076453609135388,-61.324951171875
Lakshmipur,148.5448760986328,678.7129516601562,612.8417358398438,1098.48876953125,778.0420532226562,55.78953129410301,19.092139747891363,0.0,-7.264887491860771,-1.0962908397409399,9,declining,54.34897232055664,18.568,18.116,0.98,False,Medium,26.7,Low,-1.16,-18.0,15.68,-7.11,Low,0.5595996394310851,20.75263766170374,-65.8712158203125
Noakhali,456.6562194824219,883.08984375,767.1478271484375,2205.606689453125,1245.277587890625,34.7817147461885,36.6710381623387,0.0,-19.61622517903127,-2.152880685147379,9,declining,190.85108947753906,57.082,63.617,1.11,False,Medium,40.3,Low,17.85,1.01,34.69,136.94,High,0.717956472099897,23.517439176360345,-115.9420166015625
Rangamati,43.95236587524414,4996.45947265625,4953.18212890625,5040.78076171875,5013.8466796875,98.26220109635096,0.8766196631681521,0.28610517603070573,-3.863118489582492,-0.07749612538417557,9,stable,18.26190948486328,5.494,6.087,1.11,False,Low,21.1,Low,1.49,-15.35,18.33,73.8,Medium,0.0824257855562983,3.978802297549553,-43.27734375
Dhaka,272.6396484375,421.901611328125,251.2510223388672,1253.3759765625,577.8104858398438,20.04594208259412,47.18496031466443,0.32060718439741553,-23.425770568843035,-5.892964170361586,9,declining,87.3717269897461,34.08,29.124,0.85,False,Medium,70.6,Medium,-5.31,-22.16,11.53,-13.34,Low,0.7770153711405213,29.14608046296702,-170.6505889892578
Faridpur,333.91552734375,608.087890625,514.8970947265625,1757.586181640625,880.703369140625,29.29569543189797,37.91464175612033,0.0,-13.854016113276844,-2.1779208191029404,9,declining,98.50128173828125,41.739,32.834,0.79,False,Medium,45.8,Low,8.19,-8.66,25.03,42.17,High,0.7705312328934052,24.926466106948244,-93.1907958984375
Gazipur,374.7536926269531,726.6680908203125,572.9400024414062,1604.946044921875,1030.3330078125,35.69839648218801,36.37209424383993,5.506749902852467,-20.430434163405852,-2.722862229107758,9,declining,100.40362548828125,46.844,33.468,0.71,False,Medium,48.3,Low,1.1,-15.75,17.94,6.3,Medium,0.7458317305044428,13.894493397097074,-153.72808837890625
Gopalganj,433.27728271484375,776.4459838867188,502.7857666015625,1421.24365234375,992.4554443359375,35.37646523679642,43.65710170543265,0.0,-32.008577473953125,-4.5973560192975125,9,declining,126.63348388671875,54.16,42.211,0.78,False,Medium,48.0,Low,-0.76,-17.6,16.08,-3.82,Low,0.7677854900710664,16.30031843718541,-273.66021728515625
Jamalpur,401.59259033203125,337.19317626953125,153.48829650878906,1727.1339111328125,494.21173095703125,8.886878748626815,81.25921850425426,0.0,-30.75455017089599,-15.771804026069292,9,declining,54.471710205078125,50.199,18.157,0.36,False,Medium,77.5,High,16.99,0.15,33.83,26.08,High,0.9105001297841566,27.45152347972489,-183.7048797607422
Kishoreganj,313.0557556152344,408.341552734375,321.3460388183594,1202.5882568359375,577.8958740234375,26.721202123146863,54.17165439089774,0.0,-15.326821899412531,-4.281524715851474,9,declining,79.25204467773438,39.132,26.417,0.68,False,Medium,58.8,Medium,12.02,-4.82,28.87,38.63,High,0.8371408679710769,3.5907147978775695,-86.99551391601562
Madaripur,234.8256072998047,488.03656005859375,412.4786071777344,992.2628784179688,679.9771728515625,41.56948890755408,34.53433683884364,0.0,-5.81491495768084,-1.1860842292971128,9,declining,77.2133560180664,29.353,25.738,0.88,False,Medium,35.9,Low,3.68,-13.16,20.52,15.18,High,0.8213753835333701,23.40665617706636,-75.55795288085938
Manikganj,281.4734802246094,466.4117126464844,376.87774658203125,1084.8785400390625,712.31982421875,34.73916504685043,39.51504235240408,0.0,-11.48840230305635,-2.332975030049505,9,declining,73.91510772705078,35.184,24.638,0.7,False,Medium,45.2,Low,10.22,-6.62,27.07,38.52,High,0.8627486228220831,22.72520219712545,-89.53396606445312
Munshiganj,252.2386474609375,336.0693664550781,161.8166961669922,751.911376953125,444.1423645019531,21.520713893531102,56.79229625928384,0.0,-23.95839538573827,-8.31674569276925,9,declining,93.40336608886719,31.53,31.134,0.99,False,Medium,67.0,Medium,11.83,-5.01,28.68,19.14,High,0.8778371417748856,27.423216971119718,-174.25267028808594
Mymensingh,731.6793212890625,661.4654541015625,396.37493896484375,4030.572265625,1016.17333984375,9.834209954386711,72.00339672378807,2.205078278252813,-57.295608011873625,-11.29785932528944,9,declining,78.36090850830078,91.46,26.12,0.29,False,Medium,83.4,High,-5.83,-22.67,11.01,-23.11,Low,0.8223873215005312,-3.8045171458585147,-265.09051513671875
Narayanganj,155.72454833984375,134.66146850585938,59.197750091552734,650.0611572265625,251.06507873535156,9.106489356188504,62.02557086961244,0.0,-9.692474619545285,-7.026570297771268,9,declining,63.438568115234375,19.466,21.146,1.09,False,Medium,72.0,Medium,31.57,14.73,48.41,18.69,High,0.8859766205588422,24.352165213807968,-75.46371841430664
Narsingdi,204.81214904785156,588.2943115234375,523.66552734375,990.601318359375,714.9437255859375,52.863398991941594,28.64731051104704,0.0,-5.3254201253251905,-0.9405671149152983,9,stable,48.404903411865234,25.602,16.135,0.63,False,Medium,19.1,Low,-4.09,-20.93,12.75,-21.42,Low,0.5565681741256374,21.7190320072818,-64.6287841796875
Netrakona,106.88179779052734,81.17794036865234,60.64850616455078,1769.50732421875,159.63592529296875,3.4274232909054234,66.95347403435322,0.0,-4.893132019042167,-6.634662088717681,9,declining,19.968881607055664,13.36,6.656,0.5,False,Medium,76.6,High,50.49,33.65,67.33,30.62,High,0.951459250418998,-5.509710431717355,-20.529434204101562
Rajbari,108.95713806152344,230.4181671142578,250.8362274169922,942.4078369140625,378.5025634765625,26.616526050797873,28.7863672733805,0.0,6.6687929789223,2.5372513361207307,9,recovering,27.700986862182617,13.62,9.234,0.68,False,Medium,20.5,Low,4.82,-12.02,21.66,12.09,High,0.7699790550443363,16.739503008751438,20.418060302734375
Shariatpur,203.40904235839844,497.79779052734375,437.9591369628906,924.7020874023438,633.8303833007812,47.362187555258735,32.09203088357972,0.0,-6.3758097330719705,-1.3376931122144928,9,declining,51.00395202636719,25.426,17.001,0.67,False,Medium,33.3,Low,11.14,-5.7,27.98,48.79,High,0.7057879757188413,25.74470274139503,-59.838653564453125
Sherpur,185.3758544921875,188.49679565429688,126.48430633544922,1218.002685546875,280.9599609375,10.38456711437041,65.97945624480802,0.0,-14.461214955645753,-9.67598106400355,9,declining,26.215486526489258,23.172,8.738,0.38,False,Medium,71.7,Medium,31.78,14.94,48.62,40.2,High,0.6455597355884721,-26.296798756024323,-62.012489318847656
Tangail,811.6693115234375,1114.77197265625,846.7919311523438,3063.262939453125,1625.826416015625,27.643462147703158,49.92349143351826,4.132664516410904,-46.21506449380716,-4.431536249274926,9,declining,171.390869140625,101.459,57.13,0.56,False,Medium,65.8,Medium,8.96,-7.89,25.8,75.87,High,0.6968424529072307,13.217157467736564,-267.98004150390625
Bagerhat,711.3568725585938,1466.984619140625,1354.5845947265625,2798.992919921875,1920.4246826171875,48.39542769419979,37.04164391332153,84.35711361502304,-9.435693359373722,-0.6612049872343522,9,stable,223.32339477539062,88.92,74.441,0.84,False,Medium,37.2,Low,11.87,-4.97,28.71,160.79,High,0.6697807296311886,19.615421385479014,-112.4000244140625
Chuadanga,311.9205322265625,543.5955200195312,397.4093933105469,1114.0633544921875,763.7890014648438,35.67206404448103,40.83857343171232,0.0,-13.088374328610247,-2.44110104578347,9,declining,146.47573852539062,38.99,48.825,1.25,False,Medium,45.6,Low,-14.74,-31.58,2.1,-58.58,Low,0.8153298596539431,24.623178728276184,-146.18612670898438
Jessore,505.26873779296875,967.6112060546875,661.2731323242188,2378.435302734375,1130.2249755859375,27.80286399062376,44.70514709082805,0.0,-35.312525431311954,-4.5115620130255385,9,declining,97.7474365234375,63.159,32.582,0.52,False,Medium,52.8,Medium,7.75,-9.09,24.6,51.25,High,0.8150694382719177,21.148735944903155,-306.33807373046875
Jhenaidah,358.8949890136719,734.3054809570312,572.4783935546875,1927.4580078125,949.8067016601562,29.701212230527478,37.78610830881309,0.0,-10.65798645019468,-1.6231932857367113,9,declining,80.01610565185547,44.862,26.672,0.59,False,Medium,43.4,Low,15.44,-1.4,32.28,88.39,High,0.7940499084917872,19.87142298042172,-161.82708740234375
Khulna,742.2999877929688,831.65478515625,732.9422607421875,2545.097900390625,1336.10791015625,28.798195174719783,55.55688894216345,158.71396571708368,-22.84326477050151,-2.674103418472683,9,declining,236.703125,92.787,78.901,0.85,False,Medium,69.8,Medium,22.68,5.84,39.52,166.23,High,0.7277650062963598,17.25173821647701,-98.7125244140625
Kushtia,294.15655517578125,391.48956298828125,323.8697814941406,1464.512939453125,642.3292846679688,22.114504608957525,45.79528945622274,0.0,-2.53486124674395,-0.6513605109356394,9,stable,89.06808471679688,36.77,29.689,0.81,False,Medium,48.6,Low,18.8,1.95,35.64,60.89,High,0.8525539301761638,17.97782074801724,-67.61978149414062
Magura,173.24713134765625,322.9587707519531,221.4292449951172,1006.74755859375,410.0935974121094,21.994515219328175,42.24575375985632,0.0,-6.4836069742834574,-2.3580202549089884,9,declining,38.53143310546875,21.656,12.844,0.59,False,Medium,57.2,Medium,12.28,-4.56,29.12,27.19,High,0.8718573647389496,15.356295888398098,-101.52952575683594
Meherpur,164.63143920898438,251.85044860839844,204.903564453125,664.4117431640625,415.73870849609375,30.839846911394577,39.59973797112309,0.0,0.03332061767679165,0.012117074941325105,9,stable,74.62030792236328,20.579,24.873,1.21,False,Medium,36.7,Low,-27.64,-44.49,-10.8,-56.64,Low,0.8003354045407698,27.890627082113483,-46.94688415527344
Narail,166.04685974121094,339.6255187988281,232.99851989746094,911.5109252929688,424.2155456542969,25.561791244857858,39.14209685199193,0.0,-11.06105702717927,-3.6281877771025566,9,declining,42.24410629272461,20.756,14.081,0.68,False,Medium,50.6,Medium,-8.78,-25.63,8.06,-20.46,Low,0.8298053326335639,17.52377144152183,-106.62699890136719
Satkhira,592.8389282226562,876.66748046875,595.299560546875,2033.2371826171875,1162.333984375,29.27841206310245,51.004180914613144,109.972284645543,-37.934949747715216,-4.84733816578663,9,declining,222.63497924804688,74.105,74.212,1.0,False,Medium,65.6,Medium,10.7,-6.15,27.54,63.7,High,0.8082092602078376,13.46465081013916,-281.367919921875
Habiganj,131.90933227539062,515.7783813476562,471.0376281738281,2068.549560546875,614.684814453125,22.771396787287856,21.459669927383548,0.01270470099457081,-4.825266011555106,-0.9507563494252184,9,stable,37.367530822753906,16.489,12.456,0.76,False,Medium,41.9,Low,-1.01,-17.85,15.84,-4.76,Low,0.35075508127296207,6.724163743249486,-44.740753173828125
Maulvibazar,184.78099060058594,1082.8050537109375,1045.93994140625,2242.7431640625,1235.1375732421875,46.63663491059925,14.960357016388313,0.0,-8.086317952471587,-0.7340661813202036,9,stable,63.47603988647461,23.098,21.159,0.92,False,Medium,18.1,Low,1.33,-15.52,18.17,13.91,Medium,0.28453688228991847,10.288271181915164,-36.8651123046875
Sunamganj,135.37924194335938,105.38058471679688,112.10325622558594,1013.8527221679688,238.30162048339844,11.057153941044838,56.810038332404346,0.0,-1.6697870890288227,-1.3006216827968204,9,declining,41.84389877319336,16.922,13.948,0.82,False,Medium,70.0,Medium,31.03,14.19,47.87,34.79,High,0.8606171885197894,1.9794774148513539,6.7226715087890625
Sylhet,370.8045959472656,589.8078002929688,582.8680419921875,2309.146240234375,934.132568359375,25.241711929558313,39.695072038705696,0.0,-15.89148457844396,-2.3230539806654944,9,declining,143.0868682861328,46.351,47.696,1.03,False,Medium,53.0,Medium,13.59,-3.25,30.44,79.21,High,0.6591613253177322,8.645527655676581,-6.93975830078125
Bogra,193.58078002929688,136.94931030273438,51.921287536621094,2555.428466796875,241.69644165039062,2.031803598153632,80.09252379036174,0.0,-9.521076711017804,-9.599585200161998,9,declining,59.554813385009766,24.198,19.852,0.82,False,Medium,81.6,High,39.64,22.79,56.48,20.58,High,0.9693812746797519,25.779441705896527,-85.02802276611328
Joypurhat,68.53211212158203,55.74533462524414,19.29962158203125,935.059814453125,87.32079315185547,2.0639986109678707,78.48315349403786,0.0,-2.1451566696168234,-6.644544418943158,9,declining,20.20368766784668,8.567,6.735,0.79,False,Medium,80.5,High,30.07,13.23,46.91,5.8,High,0.9912030960927246,43.92512760516181,-36.44571304321289
Naogaon,184.6515350341797,180.02392578125,138.88082885742188,2959.6416015625,361.56268310546875,4.692488062882402,51.07040733523829,0.0,3.2363409678122954,2.347379926711589,9,recovering,46.9568977355957,23.081,15.652,0.68,False,Medium,49.4,Low,22.41,5.56,39.25,31.12,High,0.8744816074897706,35.03685751552179,-41.143096923828125
Natore,375.6526794433594,579.9352416992188,435.50537109375,1652.031494140625,742.9791259765625,26.36180803080251,50.56032751251338,0.0,-5.98628743489816,-1.358024641026054,9,declining,53.368377685546875,46.957,17.789,0.38,False,Medium,57.8,Medium,9.57,-7.27,26.42,41.68,High,0.8261969330037056,29.710775044711994,-144.42987060546875
Nawabganj,185.40023803710938,380.317138671875,188.61294555664062,1357.2755126953125,489.8233337402344,13.896437664456807,37.85042999511979,0.0,-16.076939900713775,-4.867153064854714,9,declining,59.544189453125,23.175,19.848,0.86,False,Medium,54.1,Medium,38.19,21.35,55.03,72.03,High,0.8630819926448947,21.438172871762806,-191.70419311523438
Pabna,269.3288269042969,431.3406066894531,478.72052001953125,1916.7005615234375,749.6563110351562,24.976281096251842,35.926973859847394,0.0,9.38156382242816,1.9364164353948647,9,recovering,81.19815826416016,33.666,27.066,0.8,False,Medium,26.6,Low,13.38,-3.47,30.22,64.05,High,0.7652007297385546,18.588256650063027,47.379913330078125
Rajshahi,348.8267822265625,566.7874755859375,259.5371398925781,2068.907958984375,640.1944580078125,12.544644084601263,54.48762916693441,0.0,-29.03622639973786,-7.509333006878211,9,declining,58.33918762207031,43.603,19.446,0.45,False,Medium,67.0,Medium,-20.24,-37.08,-3.4,-52.53,Low,0.7958177616989944,17.62325533018643,-307.2503356933594
Sirajganj,284.11358642578125,243.43954467773438,81.72291564941406,1635.6129150390625,390.52886962890625,4.996470430013835,72.75098168689951,0.0,-17.280953470863732,-9.622959432813813,9,declining,75.16859436035156,35.514,25.056,0.71,False,Medium,76.4,High,48.62,31.78,65.46,39.73,High,0.9255766606364361,8.135922313455092,-161.7166290283203
Dinajpur,276.08270263671875,240.51341247558594,39.21351623535156,3302.108154296875,312.1435241699219,1.1875297356425136,88.44735874976132,0.4209954016459898,-22.455986150104582,-21.75110424987795,9,declining,34.47796630859375,34.51,11.493,0.33,False,Medium,95.0,High,39.31,22.47,56.15,15.41,High,0.9194353898230162,58.982010272475726,-201.29989624023438
Gaibandha,132.4400177001953,107.1689224243164,16.383790969848633,1680.821533203125,148.76724243164062,0.9747489930490243,89.02498664049126,0.0,-9.221147696176581,-17.586075175986213,9,declining,30.454978942871094,16.555,10.152,0.61,False,Medium,86.6,High,42.66,25.81,59.5,6.99,High,0.9965519670074768,37.83452983011528,-90.78513145446777
Kurigram,345.0479736328125,320.2340087890625,85.03541564941406,1481.4068603515625,410.82830810546875,5.740179684953919,83.98836370940413,0.0,-28.913688405352392,-16.11786543277221,9,declining,77.51557922363281,43.131,25.839,0.6,False,Medium,79.7,High,35.15,18.31,52.0,29.89,High,0.9397300965156083,41.37068326737332,-235.19859313964844
Lalmonirhat,355.3788757324219,291.2484130859375,37.68781661987305,1136.88134765625,382.33697509765625,3.3150175871535557,92.94912573957862,0.0,-34.293507544196274,-23.382781946286453,9,declining,64.99576568603516,44.422,21.665,0.49,False,Medium,84.5,High,33.32,16.48,50.16,12.56,High,0.982131930987329,56.27397637759464,-253.56059646606445
Nilphamari,314.9493713378906,248.84230041503906,16.12236785888672,1577.829345703125,325.9605712890625,1.0218068197801289,96.62192273512518,0.0,-27.6865793069187,-30.103776874543886,9,declining,30.501209259033203,39.369,10.167,0.26,False,Medium,88.0,High,14.39,-2.45,31.23,2.32,High,1.0,49.141928543859045,-232.71993255615234
Panchagarh,227.20236206054688,228.4714813232422,51.994598388671875,1350.615478515625,277.4047546386719,3.849696617264879,81.90283629294129,0.0,-19.592341613768752,-18.577206390467506,9,declining,25.359535217285156,28.4,8.453,0.3,False,Medium,80.5,High,16.31,-0.54,33.15,8.48,High,0.8902319077991664,57.490151427521965,-176.4768829345703
Rangpur,435.53466796875,365.4582824707031,53.392093658447266,2233.93310546875,484.931396484375,2.3900489019900135,89.81366666012177,0.0,-37.4152243296273,-20.48387762420386,9,declining,93.56549072265625,54.442,31.188,0.57,False,Medium,84.4,High,75.35,58.5,92.19,40.23,High,0.9789088164492384,54.45190283026754,-312.06618881225586
Thakurgaon,407.8341979980469,321.4164733886719,13.602194786071777,1778.8629150390625,417.6734924316406,0.7646567181245152,97.64426169917783,0.0,-38.5755773385338,-32.23171995359297,9,declining,34.624595642089844,50.979,11.542,0.23,False,Medium,89.5,High,14.28,-2.56,31.13,1.94,High,0.9421206785279468,35.97001819097963,-307.8142786026001
Barguna,152.5667724609375,167.90054321289062,83.66199493408203,1207.7437744140625,281.0807189941406,6.92713112718554,54.27863320077742,0.0,-11.879838562008768,-6.956068834386912,9,declining,56.80438232421875,19.071,18.935,0.99,False,Medium,69.2,Medium,63.87,47.03,80.71,53.43,High,0.9820142635087721,29.794871443708878,-84.2385482788086
