district,year,forest_km2,edge_km2,edge_ratio
Barisal,2016,1138.2115478515625,661.2090454101562,0.5809192910212737
Bhola,2016,533.44873046875,369.3204650878906,0.6923260737041455
Jhalokati,2016,419.7163391113281,249.16650390625,0.5936545249437134
Patuakhali,2016,80.7232894897461,77.3719482421875,0.9584835892003101
Pirojpur,2016,647.56884765625,398.86273193359375,0.615938727406669
Bandarban,2016,4591.52099609375,166.22457885742188,0.03620250871091255
Brahamanbaria,2016,249.29991149902344,198.30616760253906,0.7954522182143489
Chandpur,2016,920.9701538085938,488.1531982421875,0.5300423648078838
Chittagong,2016,2886.990234375,1025.7626953125,0.355305218250787
Comilla,2016,1092.0848388671875,881.103515625,0.8068086693145222
Cox's Bazar,2016,998.3631591796875,337.2260437011719,0.3377789340486644
Feni,2016,392.08758544921875,271.96209716796875,0.6936258817181855
Khagrachhari,2016,2734.922607421875,178.5904541015625,0.06530000286549756
Lakshmipur,2016,678.7129516601562,288.8240966796875,0.42554675871915126
Noakhali,2016,883.08984375,592.9181518554688,0.6714131705304971
Rangamati,2016,4996.45947265625,350.8223571777344,0.07021419048781515
Dhaka,2016,421.901611328125,282.6886291503906,0.6700344856719107
Faridpur,2016,608.087890625,459.5335998535156,0.7557025998021462
Gazipur,2016,726.6680908203125,439.22662353515625,0.6044391230105168
Gopalganj,2016,776.4459838867188,531.0675048828125,0.6839722477852287
Jamalpur,2016,337.19317626953125,292.2782897949219,0.8667977597544643
Kishoreganj,2016,408.341552734375,319.1950988769531,0.7816865482817729
Madaripur,2016,488.03656005859375,353.0236511230469,0.7233549287386641
Manikganj,2016,466.4117126464844,343.85223388671875,0.7372289858152441
Munshiganj,2016,336.0693664550781,229.54640197753906,0.6830328048010951
Mymensingh,2016,661.4654541015625,572.4210205078125,0.8653830928862417
Narayanganj,2016,134.66146850585938,112.81449127197266,0.8377637086815513
Narsingdi,2016,588.2943115234375,301.82611083984375,0.5130529140393006
Netrakona,2016,81.17794036865234,79.36627960205078,0.9776828439059393
Rajbari,2016,230.4181671142578,180.39048767089844,0.7828830943761823
Shariatpur,2016,497.79779052734375,298.0225830078125,0.598682012413316
Sherpur,2016,188.49679565429688,136.3704071044922,0.723462733841882
Tangail,2016,1114.77197265625,758.645751953125,0.6805389537606004
Bagerhat,2016,1466.984619140625,1000.9781494140625,0.6823371808768152
Chuadanga,2016,543.5955200195312,397.07208251953125,0.7304550311696177
Jessore,2016,967.6112060546875,736.0504760742188,0.7606882510955734
Jhenaidah,2016,734.3054809570312,539.47802734375,0.7346779253787405
Khulna,2016,831.65478515625,638.9711303710938,0.7683129367806678
Kushtia,2016,391.48956298828125,308.9030456542969,0.7890454174471657
Magura,2016,322.9587707519531,265.1080017089844,0.8208725872089699
Meherpur,2016,251.85044860839844,196.1226043701172,0.7787264444188768
Narail,2016,339.6255187988281,250.76693725585938,0.7383630598276605
Satkhira,2016,876.66748046875,658.5651245117188,0.7512142735802029
Habiganj,2016,515.7783813476562,171.82447814941406,0.3331362545682138
Maulvibazar,2016,1082.8050537109375,295.73101806640625,0.2731156610812732
Sunamganj,2016,105.38058471679688,99.93679809570312,0.9483416548150349
Sylhet,2016,589.8078002929688,401.68670654296875,0.6810467856536372
Bogra,2016,136.94931030273438,129.9104766845703,0.948602635510874
Joypurhat,2016,55.74533462524414,52.632999420166016,0.9441686873708582
Naogaon,2016,180.02392578125,159.2590789794922,0.8846550717542427
Natore,2016,579.9352416992188,435.1029357910156,0.7502612438522578
Nawabganj,2016,380.317138671875,216.8955841064453,0.5703018929514392
Pabna,2016,431.3406066894531,334.176513671875,0.7747392860521195
Rajshahi,2016,566.7874755859375,349.83502197265625,0.6172243337081529
Sirajganj,2016,243.43954467773438,218.79879760742188,0.8987808365196708
Dinajpur,2016,240.51341247558594,224.52993774414062,0.9335443517809313
Gaibandha,2016,107.1689224243164,103.21356201171875,0.9630922815763967
Kurigram,2016,320.2340087890625,282.635009765625,0.8825889880790148
Lalmonirhat,2016,291.2484130859375,260.12908935546875,0.893151954372069
Nilphamari,2016,248.84230041503906,230.15174865722656,0.9248899735831131
Panchagarh,2016,228.4714813232422,209.99757385253906,0.9191412977947729
Rangpur,2016,365.4582824707031,332.68719482421875,0.9103287865719353
Thakurgaon,2016,321.4164733886719,299.34832763671875,0.9313409623368393
Barguna,2016,167.90054321289062,157.3098907470703,0.9369230601452443
Barisal,2017,1050.8909912109375,662.2264404296875,0.6301571199755044
Bhola,2017,522.1224975585938,368.78814697265625,0.7063249499822023
Jhalokati,2017,415.96954345703125,252.28375244140625,0.606495731261312
Patuakhali,2017,101.99516296386719,96.67928314208984,0.9478810595786729
Pirojpur,2017,641.7020874023438,416.35174560546875,0.6488240474499477
Bandarban,2017,4593.033203125,164.12586975097656,0.0357336562773613
Brahamanbaria,2017,267.7743835449219,200.8227081298828,0.7499698271033187
Chandpur,2017,899.0521850585938,519.7925415039062,0.578156140591583
Chittagong,2017,2932.31982421875,1012.4534912109375,0.34527389640408096
Comilla,2017,1005.8225708007812,849.533935546875,0.8446160985137988
Cox's Bazar,2017,993.41064453125,340.35284423828125,0.3426104261233076
Feni,2017,424.47601318359375,283.5163879394531,0.6679208698109097
Khagrachhari,2017,2747.336669921875,166.85330200195312,0.06073274667378056
Lakshmipur,2017,688.0316162109375,283.873779296875,0.41258827735300563
Noakhali,2017,945.458984375,578.6779174804688,0.6120603083199917
Rangamati,2017,4989.7197265625,347.54742431640625,0.06965269461253636
Dhaka,2017,484.39141845703125,295.0213928222656,0.6090557792332896
Faridpur,2017,643.6906127929688,483.67010498046875,0.7514015201834742
Gazipur,2017,827.5726928710938,482.63446044921875,0.5831928295927907
Gopalganj,2017,775.4551391601562,526.175048828125,0.6785370581178817
Jamalpur,2017,323.1110534667969,283.6771545410156,0.8779555867783597
Kishoreganj,2017,461.7825927734375,352.6335754394531,0.763635487690339
Madaripur,2017,496.97900390625,366.919921875,0.7383006505124222
Manikganj,2017,520.2680053710938,373.18170166015625,0.7172874322609467
Munshiganj,2017,368.09820556640625,238.830322265625,0.6488222943062926
Mymensingh,2017,734.927001953125,623.763427734375,0.8487420193797149
Narayanganj,2017,171.32057189941406,133.46197509765625,0.7790189678797862
Narsingdi,2017,620.8931884765625,307.72357177734375,0.4956143463779676
Netrakona,2017,96.32477569580078,94.05770874023438,0.9764643422298128
Rajbari,2017,216.45509338378906,169.917724609375,0.785002200470745
Shariatpur,2017,493.92755126953125,312.0920104980469,0.6318578700375866
Sherpur,2017,201.12205505371094,146.1653594970703,0.7267495325564166
Tangail,2017,1267.0052490234375,833.2327880859375,0.6576395707343468
Bagerhat,2017,1361.1795654296875,987.0945434570312,0.7251758463957195
Chuadanga,2017,541.931884765625,400.904052734375,0.7397683435949856
Jessore,2017,891.7947998046875,705.2966918945312,0.7908732951223743
Jhenaidah,2017,679.5386352539062,498.3649597167969,0.7333872334287296
Khulna,2017,902.7595825195312,733.1085205078125,0.8120750360375728
Kushtia,2017,341.62176513671875,282.7347106933594,0.8276249921611626
Magura,2017,272.31610107421875,231.7837677001953,0.851157044280035
Meherpur,2017,237.20574951171875,189.88665771484375,0.8005145663868604
Narail,2017,322.6702880859375,241.91708374023438,0.749734613543978
Satkhira,2017,873.58740234375,670.677490234375,0.7677279782595451
Habiganj,2017,523.65185546875,163.04934692382812,0.31136974923515465
Maulvibazar,2017,1125.670654296875,287.185546875,0.2551239527998392
Sunamganj,2017,134.26858520507812,125.76504516601562,0.9366676871877779
Sylhet,2017,709.0909423828125,476.6289978027344,0.6721690679069761
Bogra,2017,104.0560531616211,100.19562530517578,0.9629004969999271
Joypurhat,2017,18.621841430664062,18.281993865966797,0.9817500559242412
Naogaon,2017,97.13034057617188,89.8675765991211,0.9252266188508301
Natore,2017,409.3148193359375,339.8871765136719,0.8303808229203542
Nawabganj,2017,362.9398193359375,220.6399688720703,0.607924391640934
Pabna,2017,401.40557861328125,317.470458984375,0.7908969777677896
Rajshahi,2017,425.2226257324219,290.5471496582031,0.68328243154454
Sirajganj,2017,215.7746124267578,204.22364807128906,0.9464674540458758
Dinajpur,2017,123.41947174072266,115.81709289550781,0.9384021116118064
Gaibandha,2017,54.3624267578125,53.006324768066406,0.9750544250758414
Kurigram,2017,221.45947265625,200.24114990234375,0.9041886874406073
Lalmonirhat,2017,203.54666137695312,184.5691680908203,0.9067658827820914
Nilphamari,2017,137.99998474121094,132.44442749023438,0.9597423343097117
Panchagarh,2017,153.27374267578125,142.91932678222656,0.9324449464546756
Rangpur,2017,228.50253295898438,214.762451171875,0.9398690176026377
Thakurgaon,2017,207.48565673828125,200.51907348632812,0.966423783882369
Barguna,2017,194.28260803222656,179.52603149414062,0.9240458181638256
Barisal,2018,1036.796142578125,651.461181640625,0.62834066880369
Bhola,2018,557.4470825195312,390.4112548828125,0.7003557236648263
Jhalokati,2018,409.398681640625,261.053955078125,0.6376521634900653
Patuakhali,2018,112.97804260253906,107.02652740478516,0.9473214877806694
Pirojpur,2018,640.43310546875,413.76055908203125,0.6460636646495482
Bandarban,2018,4586.1201171875,175.97779846191406,0.03837182497736994
Brahamanbaria,2018,252.44924926757812,194.87852478027344,0.7719512945499638
Chandpur,2018,824.5099487304688,519.0673828125,0.6295465368389175
Chittagong,2018,2851.744384765625,1026.4459228515625,0.35993615989391087
Comilla,2018,924.51513671875,812.05908203125,0.8783621271073784
Cox's Bazar,2018,934.9823608398438,338.0632019042969,0.36157174302265244
Feni,2018,395.7208557128906,263.1019592285156,0.6648675586090548
Khagrachhari,2018,2746.469482421875,172.0362091064453,0.06263903903084383
Lakshmipur,2018,677.8977661132812,285.13714599609375,0.42061968669837074
Noakhali,2018,1026.127685546875,577.823486328125,0.5631107068514323
Rangamati,2018,4985.17041015625,347.9494934082031,0.06979691059293144
Dhaka,2018,461.01007080078125,287.53662109375,0.6237100647157114
Faridpur,2018,698.6280517578125,513.259033203125,0.7346670834526584
Gazipur,2018,820.8572387695312,505.74676513671875,0.6161202475290776
Gopalganj,2018,763.4572143554688,526.3441772460938,0.6894219706738219
Jamalpur,2018,259.9151916503906,230.9559326171875,0.8885818914649823
Kishoreganj,2018,396.39068603515625,324.21240234375,0.8179112521200745
Madaripur,2018,508.3432922363281,373.34503173828125,0.7344348542415972
Manikganj,2018,567.814453125,379.8711853027344,0.6690058402213807
Munshiganj,2018,348.1680908203125,232.934326171875,0.6690283581791274
Mymensingh,2018,760.4191284179688,644.7615966796875,0.8479029164101861
Narayanganj,2018,166.74208068847656,128.88027954101562,0.7729319378100004
Narsingdi,2018,570.0393676757812,310.8006591796875,0.5452266576726332
Netrakona,2018,93.9428939819336,91.39419555664062,0.9728697050169317
Rajbari,2018,243.74838256835938,185.41915893554688,0.7606990330840286
Shariatpur,2018,493.7378234863281,328.9697570800781,0.6662842938731987
Sherpur,2018,204.9120330810547,148.14639282226562,0.7229755646593241
Tangail,2018,1191.0157470703125,766.3327026367188,0.6434278509933737
Bagerhat,2018,1467.2587890625,1008.9246215820312,0.6876255430214053
Chuadanga,2018,541.2957763671875,395.51495361328125,0.7306817656470758
Jessore,2018,795.42724609375,641.3424682617188,0.8062867740717664
Jhenaidah,2018,618.722900390625,449.7254943847656,0.7268609164148209
Khulna,2018,895.131591796875,709.5791015625,0.79270925980626
Kushtia,2018,408.9122619628906,326.2091369628906,0.7977484837382904
Magura,2018,256.81573486328125,217.37701416015625,0.8464318367247994
Meherpur,2018,261.5070495605469,206.35260009765625,0.7890900090243239
Narail,2018,317.492431640625,241.33750915527344,0.7601362587075695
Satkhira,2018,815.5105590820312,627.9221801757812,0.7699743101825605
Habiganj,2018,519.9923706054688,169.48292541503906,0.3259334847888182
Maulvibazar,2018,1141.90673828125,292.7475280761719,0.25636728312576834
Sunamganj,2018,134.10519409179688,122.65383911132812,0.9146091614271843
Sylhet,2018,792.8916015625,519.43310546875,0.6551123816233353
Bogra,2018,119.34587097167969,115.65692138671875,0.969090262152125
Joypurhat,2018,32.77134704589844,31.75223159790039,0.9689022411385559
Naogaon,2018,126.50334167480469,117.19707489013672,0.9264346169716916
Natore,2018,452.9220275878906,372.90081787109375,0.8233223273706454
Nawabganj,2018,372.98822021484375,230.5179443359375,0.6180300927550945
Pabna,2018,492.54266357421875,378.998291015625,0.7694730203985988
Rajshahi,2018,430.625732421875,278.97027587890625,0.6478253733467207
Sirajganj,2018,202.8120880126953,189.95169067382812,0.9365895915530332
Dinajpur,2018,163.25050354003906,151.99130249023438,0.9310311404519298
Gaibandha,2018,67.91707611083984,65.82703399658203,0.9692265592993595
Kurigram,2018,268.92938232421875,237.31735229492188,0.8824523012097439
Lalmonirhat,2018,289.0473937988281,250.86895751953125,0.867916344868107
Nilphamari,2018,178.51174926757812,172.89773559570312,0.9685510130570737
Panchagarh,2018,148.26255798339844,135.1667022705078,0.9116711873111145
Rangpur,2018,285.4992370605469,260.4380187988281,0.9122196664350317
Thakurgaon,2018,230.3517608642578,214.3876190185547,0.930696679783097
Barguna,2018,209.4425506591797,194.4557342529297,0.9284442614020795
Barisal,2019,1063.131103515625,634.8735961914062,0.5971733816196032
Bhola,2019,561.0367431640625,395.2066345214844,0.7044220175182272
Jhalokati,2019,422.14996337890625,258.0010986328125,0.6111598271092119
Patuakhali,2019,136.4413299560547,128.5248260498047,0.9419786958335882
Pirojpur,2019,652.5081176757812,418.1537170410156,0.640840635868975
Bandarban,2019,4582.8115234375,182.30355834960938,0.039779850735136964
Brahamanbaria,2019,208.141845703125,169.61172485351562,0.814885273456423
Chandpur,2019,825.767822265625,517.9276123046875,0.6272073073562868
Chittagong,2019,2888.377197265625,1027.494873046875,0.35573431130102606
Comilla,2019,851.7221069335938,755.3024291992188,0.8867944404055575
Cox's Bazar,2019,955.74658203125,357.6177062988281,0.3741762858714938
Feni,2019,411.14520263671875,268.5687255859375,0.6532211098745094
Khagrachhari,2019,2747.567626953125,170.4813690185547,0.062048106603879126
Lakshmipur,2019,680.9421997070312,289.395751953125,0.4249931228783217
Noakhali,2019,987.2744140625,572.5321044921875,0.5799118222220464
Rangamati,2019,4996.92138671875,347.0769958496094,0.06945816613647368
Dhaka,2019,466.7676696777344,288.04034423828125,0.6170957479491885
Faridpur,2019,729.9661865234375,525.1199340820312,0.7193756968154729
Gazipur,2019,865.7144165039062,493.7809143066406,0.5703739072530654
Gopalganj,2019,773.2459716796875,537.21435546875,0.6947522200494409
Jamalpur,2019,216.4905242919922,194.8297576904297,0.8999458906000547
Kishoreganj,2019,328.8771667480469,273.42901611328125,0.8314016409742289
Madaripur,2019,504.2599182128906,376.963623046875,0.7475581727432218
Manikganj,2019,561.169921875,368.77728271484375,0.6571579629262249
Munshiganj,2019,329.20135498046875,226.68734741210938,0.6885978565475788
Mymensingh,2019,625.3589477539062,527.4332885742188,0.8434088781628442
Narayanganj,2019,165.82247924804688,125.15634155273438,0.7547610077974909
Narsingdi,2019,535.6180419921875,304.636962890625,0.5687578442233812
Netrakona,2019,87.41854858398438,83.79566192626953,0.9585570028741179
Rajbari,2019,283.98138427734375,201.8981170654297,0.7109554648421976
Shariatpur,2019,484.99603271484375,334.998046875,0.6907232725179095
Sherpur,2019,191.95730590820312,138.1868438720703,0.7198832220439337
Tangail,2019,1184.4024658203125,719.7236938476562,0.6076681825794565
Bagerhat,2019,1445.2193603515625,1001.2244873046875,0.6927837494933161
Chuadanga,2019,606.0160522460938,409.7660217285156,0.6761636432067908
Jessore,2019,839.7667236328125,663.257568359375,0.7898116818562865
Jhenaidah,2019,672.28466796875,463.47479248046875,0.689402591733674
Khulna,2019,1016.8317260742188,793.0822143554688,0.7799542382665404
Kushtia,2019,413.05157470703125,332.5677795410156,0.8051483153814362
Magura,2019,284.3843994140625,233.54205322265625,0.821219636885285
Meherpur,2019,307.8857421875,231.34024047851562,0.7513834152723813
Narail,2019,343.24188232421875,252.83126831054688,0.7365979541847635
Satkhira,2019,910.7464599609375,680.832763671875,0.7475546637876324
Habiganj,2019,516.3887329101562,171.01071166992188,0.33116662074746533
Maulvibazar,2019,1136.4881591796875,302.35113525390625,0.2660398463562894
Sunamganj,2019,165.68942260742188,146.8140869140625,0.8860800200983145
Sylhet,2019,837.5363159179688,538.89453125,0.6434282561937066
Bogra,2019,110.87889862060547,108.0974349975586,0.9749144006871477
Joypurhat,2019,27.90188217163086,27.052656173706055,0.9695638454531124
Naogaon,2019,90.52436065673828,85.8144760131836,0.9479710808296761
Natore,2019,358.0632629394531,301.7303466796875,0.8426732868451482
Nawabganj,2019,349.4845886230469,233.12623596191406,0.66705727105284
Pabna,2019,506.5435791015625,395.5596923828125,0.7808996277958986
Rajshahi,2019,377.2124328613281,238.7583465576172,0.6329546053043013
Sirajganj,2019,207.9758758544922,192.66000366210938,0.9263574579048852
Dinajpur,2019,112.89517211914062,107.03270721435547,0.9480716066529543
Gaibandha,2019,60.86924743652344,59.003204345703125,0.9693434177452861
Kurigram,2019,195.3795623779297,175.8125457763672,0.899851262008084
Lalmonirhat,2019,176.5666961669922,166.17315673828125,0.9411353349508166
Nilphamari,2019,86.67508697509766,84.65258026123047,0.9766656511755417
Panchagarh,2019,94.09822082519531,84.02615356445312,0.8929621923516184
Rangpur,2019,220.95928955078125,205.865478515625,0.9316896290450493
Thakurgaon,2019,136.72105407714844,128.11886596679688,0.9370821987263385
Barguna,2019,238.7222137451172,218.35867309570312,0.9146977554792779
Barisal,2020,1049.484130859375,629.29052734375,0.5996189068894758
Bhola,2020,525.70556640625,374.85052490234375,0.7130427160298891
Jhalokati,2020,426.82470703125,261.976806640625,0.613780791798082
Patuakhali,2020,112.97509765625,107.08145141601562,0.9478323421488246
Pirojpur,2020,637.6532592773438,402.96380615234375,0.6319481635035082
Bandarban,2020,4577.35791015625,195.70889282226562,0.04275586411716383
Brahamanbaria,2020,234.99293518066406,188.3494110107422,0.8015109512374828
Chandpur,2020,846.2371215820312,520.80224609375,0.6154329948562358
Chittagong,2020,2775.59130859375,1038.50634765625,0.37415679478489505
Comilla,2020,915.6433715820312,792.7710571289062,0.8658076733075362
Cox's Bazar,2020,938.7576904296875,349.94659423828125,0.37277627422482573
Feni,2020,371.7979736328125,259.3775634765625,0.6976303849701011
Khagrachhari,2020,2737.785400390625,193.4992218017578,0.07067727871371858
Lakshmipur,2020,651.2521362304688,300.9573974609375,0.4621211673913543
Noakhali,2020,952.6246948242188,579.0827026367188,0.6078812629810871
Rangamati,2020,4995.18408203125,366.5051574707031,0.07337170191366939
Dhaka,2020,408.69549560546875,269.5284118652344,0.6594846646546398
Faridpur,2020,714.77783203125,506.94708251953125,0.7092372759783176
Gazipur,2020,747.9913330078125,477.2461242675781,0.6380369707607206
Gopalganj,2020,732.075927734375,520.1932373046875,0.7105727938829773
Jamalpur,2020,147.5256805419922,130.8483123779297,0.886952779320917
Kishoreganj,2020,336.64031982421875,276.1740417480469,0.8203831373860827
Madaripur,2020,508.7200012207031,386.2689514160156,0.7592957825309421
Manikganj,2020,496.9329833984375,353.8573303222656,0.7120825989498573
Munshiganj,2020,311.4951477050781,226.62937927246094,0.7275534817866003
Mymensingh,2020,409.598876953125,347.67315673828125,0.8488137451071903
Narayanganj,2020,153.18896484375,118.6405258178711,0.7744717508789377
Narsingdi,2020,532.82080078125,298.92730712890625,0.5610278478066233
Netrakona,2020,66.25714111328125,63.93627166748047,0.9649717840702976
Rajbari,2020,281.2369689941406,198.58168029785156,0.7061009120105717
Shariatpur,2020,479.3105163574219,330.3421936035156,0.6892028910902915
Sherpur,2020,132.27964782714844,85.86387634277344,0.6491087461540032
Tangail,2020,945.2928466796875,617.1410522460938,0.6528570002552997
Bagerhat,2020,1511.72216796875,1010.010498046875,0.668119128929618
Chuadanga,2020,575.2005004882812,409.88702392578125,0.7125985175218602
Jessore,2020,775.239013671875,624.9612426757812,0.8061529820534808
Jhenaidah,2020,651.7667236328125,463.654052734375,0.7113803695746593
Khulna,2020,964.32080078125,757.7874755859375,0.785825085357499
Kushtia,2020,428.01544189453125,332.8513488769531,0.7776620100518994
Magura,2020,292.473388671875,238.64572143554688,0.815957043200545
Meherpur,2020,319.9520568847656,230.47503662109375,0.720342412751239
Narail,2020,322.9488525390625,244.43832397460938,0.7568948520882054
Satkhira,2020,862.1688842773438,647.5570068359375,0.7510790735375581
Habiganj,2020,510.1058044433594,180.4587860107422,0.35376736441504225
Maulvibazar,2020,1132.8028564453125,305.66278076171875,0.2698287517749343
Sunamganj,2020,142.16123962402344,128.04989624023438,0.9007370544804646
Sylhet,2020,787.9243774414062,515.4254760742188,0.6541560216069697
Bogra,2020,123.65335845947266,117.46669006347656,0.9499676476799959
Joypurhat,2020,42.7280158996582,41.36975860595703,0.9682115524181867
Naogaon,2020,120.91502380371094,113.19847106933594,0.9361820186472297
Natore,2020,423.16473388671875,345.1309814453125,0.815594858946124
Nawabganj,2020,316.45452880859375,233.414794921875,0.7375934729095155
Pabna,2020,519.9893798828125,402.68096923828125,0.7744022951565501
Rajshahi,2020,403.78631591796875,241.80935668945312,0.5988547584623396
Sirajganj,2020,198.06117248535156,181.8968963623047,0.9183874561570498
Dinajpur,2020,101.08243560791016,94.99431610107422,0.9397707478037904
Gaibandha,2020,62.2114372253418,60.96894454956055,0.9800279059414637
Kurigram,2020,186.6989288330078,169.4376983642578,0.9075451017494094
Lalmonirhat,2020,129.14608764648438,121.05252075195312,0.9373301426158103
Nilphamari,2020,80.7257308959961,78.75930786132812,0.9756406908572753
Panchagarh,2020,73.82839965820312,65.0996322631836,0.881769516399782
Rangpur,2020,196.40289306640625,179.78810119628906,0.9154045461820182
Thakurgaon,2020,81.49698638916016,78.6844482421875,0.9654890533799327
Barguna,2020,189.07444763183594,176.63377380371094,0.9342022468718282
Barisal,2021,1016.0205688476562,615.343994140625,0.6056412763754694
Bhola,2021,550.6622314453125,380.9788513183594,0.6918557866560261
Jhalokati,2021,435.822509765625,256.7281799316406,0.5890659022401182
Patuakhali,2021,93.6081771850586,89.91004943847656,0.9604935395839295
Pirojpur,2021,635.7945556640625,393.4963684082031,0.6189049039547242
Bandarban,2021,4580.08837890625,193.5000762939453,0.04224810970572454
Brahamanbaria,2021,277.3625793457031,208.07386779785156,0.7501872397087478
Chandpur,2021,878.1578369140625,520.6177368164062,0.5928521217164227
Chittagong,2021,2830.117919921875,1072.254150390625,0.3788726055698147
Comilla,2021,1020.6535034179688,864.1571655273438,0.8466704544034294
Cox's Bazar,2021,986.7039794921875,361.63128662109375,0.36650433578590536
Feni,2021,428.05731201171875,280.7059326171875,0.6557671712181913
Khagrachhari,2021,2737.898193359375,193.10072326660156,0.07052881795786162
Lakshmipur,2021,678.5988159179688,300.62176513671875,0.4430036688614837
Noakhali,2021,960.753173828125,591.438720703125,0.6155990287771155
Rangamati,2021,4996.85205078125,374.6241455078125,0.07497203073067585
Dhaka,2021,389.7979736328125,270.5482177734375,0.6940729200103344
Faridpur,2021,626.0254516601562,453.1090087890625,0.723786880529319
Gazipur,2021,745.370361328125,456.0298156738281,0.611816406090067
Gopalganj,2021,704.3880004882812,503.8695068359375,0.7153294867127996
Jamalpur,2021,119.45375061035156,104.98329162597656,0.8788614094539696
Kishoreganj,2021,304.2510986328125,248.28900146484375,0.8160660802230759
Madaripur,2021,506.13092041015625,380.34381103515625,0.7514731775860183
Manikganj,2021,454.9847106933594,354.9377746582031,0.7801092351373897
Munshiganj,2021,290.349853515625,217.05918884277344,0.747578089723722
Mymensingh,2021,319.3950500488281,264.6207580566406,0.8285061337556303
Narayanganj,2021,155.00804138183594,117.60176086425781,0.7586816775173998
Narsingdi,2021,551.1567993164062,298.0743408203125,0.5408158643602162
Netrakona,2021,56.659698486328125,54.735416412353516,0.966037904800377
Rajbari,2021,278.7735595703125,206.13681030273438,0.739441755597135
Shariatpur,2021,470.70013427734375,315.58319091796875,0.6704548563651402
Sherpur,2021,109.45665740966797,66.15289306640625,0.6043752352021228
Tangail,2021,948.7477416992188,637.0771484375,0.6714926638945007
Bagerhat,2021,1484.35693359375,992.4551391601562,0.6686094945892433
Chuadanga,2021,620.5694580078125,414.51800537109375,0.6679639160808898
Jessore,2021,738.4896240234375,598.6131591796875,0.8105911575552337
Jhenaidah,2021,684.4859619140625,478.4926452636719,0.6990539936358064
Khulna,2021,877.4945678710938,683.2305297851562,0.7786151103393777
Kushtia,2021,403.9320373535156,318.6930236816406,0.7889768431582093
Magura,2021,287.9382019042969,236.17698669433594,0.820234984911224
Meherpur,2021,328.8193359375,231.73324584960938,0.7047433667150761
Narail,2021,299.44085693359375,234.38186645507812,0.7827317516228469
Satkhira,2021,822.4583129882812,631.5457763671875,0.767875728646427
Habiganj,2021,508.74871826171875,184.6756134033203,0.36299966324105115
Maulvibazar,2021,1104.8590087890625,299.9827880859375,0.27151227957558305
Sunamganj,2021,129.13833618164062,114.81216430664062,0.8890633695725381
Sylhet,2021,671.228759765625,455.08984375,0.6779951501316855
Bogra,2021,111.13032531738281,104.48784637451172,0.9402280257535421
Joypurhat,2021,42.61521911621094,40.97427749633789,0.961494000174017
Naogaon,2021,159.95965576171875,146.17628479003906,0.913832204088937
Natore,2021,395.47998046875,323.20245361328125,0.8172409972059762
Nawabganj,2021,360.0543212890625,251.75363159179688,0.6992101377660773
Pabna,2021,510.5581359863281,391.5955505371094,0.7669950255137951
Rajshahi,2021,369.1785888671875,227.6527557373047,0.6166466924201909
Sirajganj,2021,185.9571075439453,169.0522918701172,0.9090929306381409
Dinajpur,2021,65.2439956665039,62.25483322143555,0.9541848653729375
Gaibandha,2021,53.449005126953125,52.14936065673828,0.9756844029719935
Kurigram,2021,147.6155548095703,136.08786010742188,0.9219073171725053
Lalmonirhat,2021,92.85144805908203,88.2431869506836,0.9503695289117498
Nilphamari,2021,41.564151763916016,40.77776336669922,0.981080128816691
Panchagarh,2021,76.51092529296875,66.49531555175781,0.8690956918523719
Rangpur,2021,153.50074768066406,142.34933471679688,0.9273527123980785
Thakurgaon,2021,47.49775314331055,45.978816986083984,0.9680208840059525
Barguna,2021,184.74002075195312,172.06361389160156,0.9313824540629887
Barisal,2022,878.8975219726562,559.1544189453125,0.6361997900395816
Bhola,2022,489.5291442871094,364.5936584472656,0.7447843763790927
Jhalokati,2022,388.83544921875,239.22866821289062,0.6152439770950667
Patuakhali,2022,54.03056335449219,52.12373352050781,0.964708311081753
Pirojpur,2022,570.81201171875,352.0614013671875,0.6167729377437399
Bandarban,2022,4555.61083984375,245.44342041015625,0.053877170162009394
Brahamanbaria,2022,301.5656433105469,211.63107299804688,0.7017744815848037
Chandpur,2022,777.5322265625,531.3696899414062,0.683405358374163
Chittagong,2022,2604.815673828125,1054.97412109375,0.4050091266317222
Comilla,2022,904.33740234375,754.092529296875,0.8338619273542276
Cox's Bazar,2022,933.583251953125,350.0063781738281,0.37490644507770354
Feni,2022,322.777099609375,245.4066619873047,0.7602976242251881
Khagrachhari,2022,2707.484619140625,242.68399047851562,0.08963448536802593
Lakshmipur,2022,637.6718139648438,311.610107421875,0.48866846643946965
Noakhali,2022,831.9890747070312,552.736572265625,0.6643555655586708
Rangamati,2022,4971.43310546875,405.52679443359375,0.08157140724422102
Dhaka,2022,352.4012145996094,247.8566436767578,0.7033365193090131
Faridpur,2022,593.0142822265625,437.9794921875,0.7385648294051861
Gazipur,2022,703.6868286132812,440.5066833496094,0.6259981932839255
Gopalganj,2022,618.6221923828125,447.4232177734375,0.7232576252236445
Jamalpur,2022,117.64009094238281,102.55020904541016,0.8717284067353934
Kishoreganj,2022,361.3299865722656,294.39556884765625,0.8147554307363788
Madaripur,2022,503.12750244140625,386.1916198730469,0.7675820105223177
Manikganj,2022,490.9358825683594,380.1984558105469,0.7744360705954446
Munshiganj,2022,243.4169464111328,194.82504272460938,0.800375839057436
Mymensingh,2022,315.8680419921875,263.3207092285156,0.8336415028495616
Narayanganj,2022,127.9982681274414,101.57731628417969,0.7935835208570501
Narsingdi,2022,593.52294921875,301.7300720214844,0.5083713652835994
Netrakona,2022,67.8406753540039,65.74604797363281,0.9691243141457395
Rajbari,2022,279.6794128417969,204.01124572753906,0.7294467749864014
Shariatpur,2022,453.2882385253906,296.9156188964844,0.6550260819967268
Sherpur,2022,95.08436584472656,54.26885986328125,0.5707443004026832
Tangail,2022,945.62841796875,653.0250244140625,0.6905725462616574
Bagerhat,2022,1393.92236328125,931.660888671875,0.6683735860860817
Chuadanga,2022,505.1730651855469,387.4482421875,0.7669614017231752
Jessore,2022,650.294921875,538.4724731445312,0.828043484626867
Jhenaidah,2022,615.9273681640625,461.690185546875,0.7495854371970303
Khulna,2022,738.9445190429688,558.9209594726562,0.7563774343932249
Kushtia,2022,404.5565185546875,320.29071044921875,0.7917081934397807
Magura,2022,264.8385009765625,224.196533203125,0.8465405610454115
Meherpur,2022,284.84539794921875,213.15708923339844,0.7483255505198625
Narail,2022,286.44549560546875,229.1478729248047,0.7999702436948701
Satkhira,2022,671.2603149414062,539.0855712890625,0.8030946553664785
Habiganj,2022,497.8663330078125,176.13714599609375,0.3537840065062801
Maulvibazar,2022,1076.476318359375,295.0370788574219,0.27407670175882637
Sunamganj,2022,117.33248901367188,102.84001159667969,0.8764836786569533
Sylhet,2022,602.4096069335938,407.1426086425781,0.6758567658225597
Bogra,2022,84.65725708007812,79.03677368164062,0.9336089593226363
Joypurhat,2022,28.862863540649414,28.18397331237793,0.9764787638858022
Naogaon,2022,146.97181701660156,134.663330078125,0.9162527402305557
Natore,2022,423.7579345703125,343.45697021484375,0.8105027474308101
Nawabganj,2022,299.52557373046875,234.65057373046875,0.78340747605619
Pabna,2022,499.0157165527344,381.8232727050781,0.7651527998812604
Rajshahi,2022,311.218017578125,211.79196166992188,0.680526029045718
Sirajganj,2022,156.46600341796875,145.99404907226562,0.9330720148981545
Dinajpur,2022,48.3916015625,46.022911071777344,0.9510516202349
Gaibandha,2022,32.42892837524414,31.863842010498047,0.9825746210849978
Kurigram,2022,111.47357177734375,103.47782135009766,0.9282722326040047
Lalmonirhat,2022,70.49139404296875,67.7959213256836,0.9617616766715934
Nilphamari,2022,26.058696746826172,26.002506256103516,0.9978436952826699
Panchagarh,2022,63.9186897277832,56.8126335144043,0.8888266288992756
Rangpur,2022,93.27627563476562,88.49020385742188,0.94868929162562
Thakurgaon,2022,26.592954635620117,25.861888885498047,0.9725090438373915
Barguna,2022,127.81041717529297,121.55691528320312,0.9510720485051456
Barisal,2023,823.7326049804688,546.2330932617188,0.6631194272984621
Bhola,2023,506.5635986328125,387.01983642578125,0.7640103581669244
Jhalokati,2023,351.72119140625,226.06024169921875,0.642725679380835
Patuakhali,2023,46.86904525756836,44.67362594604492,0.9531584375261213
Pirojpur,2023,567.2255249023438,341.2046813964844,0.6015326645521246
Bandarban,2023,4569.349609375,217.2535858154297,0.04754584446103388
Brahamanbaria,2023,297.6341857910156,209.18580627441406,0.7028285602289458
Chandpur,2023,754.7113037109375,529.3726806640625,0.7014240784007363
Chittagong,2023,2771.290283203125,1063.50537109375,0.3837582001206039
Comilla,2023,920.3963623046875,762.2940673828125,0.8282236855804338
Cox's Bazar,2023,962.3975830078125,345.6341552734375,0.3591386360231868
Feni,2023,271.82098388671875,206.01683044433594,0.7579136367565844
Khagrachhari,2023,2711.30615234375,209.28866577148438,0.07719108577633985
Lakshmipur,2023,658.1605834960938,326.8567199707031,0.49662153609149257
Noakhali,2023,845.989990234375,569.5521850585938,0.6732374988276205
Rangamati,2023,4979.341796875,376.49395751953125,0.07561118976725321
Dhaka,2023,341.47259521484375,240.99839782714844,0.7057620470993283
Faridpur,2023,595.9207763671875,440.088623046875,0.7385018957212969
Gazipur,2023,742.1630859375,454.2472839355469,0.61205857922958
Gopalganj,2023,619.6732177734375,446.4549560546875,0.7204683747005484
Jamalpur,2023,80.15554809570312,70.26626586914062,0.8766238587158681
Kishoreganj,2023,302.8226623535156,253.2093048095703,0.8361636571108849
Madaripur,2023,484.2781677246094,381.64410400390625,0.7880679523445557
Manikganj,2023,496.5260314941406,388.9449768066406,0.7833324984718962
Munshiganj,2023,204.05178833007812,169.49874877929688,0.8306653431780388
Mymensingh,2023,340.82421875,276.3847351074219,0.8109304442069432
Narayanganj,2023,107.52339172363281,90.25192260742188,0.8393701236601263
Narsingdi,2023,579.72119140625,301.8463439941406,0.5206750218358266
Netrakona,2023,53.48914337158203,51.11077880859375,0.9555355645450125
Rajbari,2023,300.3887939453125,218.3126678466797,0.7267670174354931
Shariatpur,2023,477.92791748046875,314.0372619628906,0.6570808075377271
Sherpur,2023,95.29973602294922,55.84156799316406,0.5859572158701133
Tangail,2023,942.15380859375,643.9419555664062,0.6834785888384276
Bagerhat,2023,1358.177490234375,914.428955078125,0.6732764764937503
Chuadanga,2023,494.3099060058594,370.9057922363281,0.7503507166856809
Jessore,2023,724.5089721679688,586.5841064453125,0.8096298720636409
Jhenaidah,2023,679.9449462890625,509.593994140625,0.7494636101376113
Khulna,2023,728.0814208984375,535.8817749023438,0.7360190213905976
Kushtia,2023,387.0279235839844,313.7297668457031,0.8106127432369213
Magura,2023,271.4835510253906,224.99472045898438,0.8287600468211853
Meherpur,2023,277.9312438964844,205.66790771484375,0.7399956364439719
Narail,2023,278.9167785644531,222.88148498535156,0.7990967274629098
Satkhira,2023,615.641845703125,493.7998046875,0.8020894098313458
Habiganj,2023,504.0982360839844,164.81304931640625,0.32694629244635537
Maulvibazar,2023,1067.2611083984375,284.2872009277344,0.26637080531712043
Sunamganj,2023,115.2747802734375,99.19808959960938,0.8605359243739749
Sylhet,2023,582.9381103515625,386.4852294921875,0.6629953036680055
Bogra,2023,50.047149658203125,48.23051452636719,0.9637015265755864
Joypurhat,2023,22.014202117919922,21.448244094848633,0.9742912316313027
Naogaon,2023,179.9238739013672,164.858642578125,0.9162688586201694
Natore,2023,489.1327209472656,386.337646484375,0.7898421633625015
Nawabganj,2023,342.4584655761719,247.72032165527344,0.7233587326816245
Pabna,2023,520.2100830078125,393.9959411621094,0.7573785169331144
Rajshahi,2023,336.44830322265625,225.05819702148438,0.6689235608138715
Sirajganj,2023,124.01469421386719,119.29351043701172,0.9619304485909255
Dinajpur,2023,35.15593719482422,32.67377853393555,0.9293957476618173
Gaibandha,2023,17.118494033813477,16.892404556274414,0.9867926771424824
Kurigram,2023,77.67570495605469,73.84635925292969,0.9507008567828066
Lalmonirhat,2023,29.36638832092285,29.085737228393555,0.9904431185250882
Nilphamari,2023,11.233988761901855,11.233988761901855,1.0
Panchagarh,2023,58.82109832763672,52.33076477050781,0.8896597693402902
Rangpur,2023,46.921119689941406,45.23125076293945,0.9639848976714804
Thakurgaon,2023,11.9734525680542,11.298619270324707,0.9436392056598626
Barguna,2023,141.4193878173828,134.29737854003906,0.9496390884781617
Barisal,2024,818.5388793945312,528.2611083984375,0.6453708207350998
Bhola,2024,425.9247131347656,341.25360107421875,0.8012063882431816
Jhalokati,2024,342.25494384765625,226.86178588867188,0.6628444379452181
Patuakhali,2024,30.801923751831055,29.87749481201172,0.9699879479195067
Pirojpur,2024,564.7211303710938,334.54718017578125,0.5924113021163935
Bandarban,2024,4565.93994140625,224.4148712158203,0.049149764144007436
Brahamanbaria,2024,256.4177551269531,189.6971893310547,0.7397974030196742
Chandpur,2024,695.7637329101562,508.08941650390625,0.73026142707774
Chittagong,2024,2567.512451171875,1060.1116943359375,0.41289447061963686
Comilla,2024,708.0427856445312,613.534423828125,0.8665216795756554
Cox's Bazar,2024,925.1029052734375,345.3343811035156,0.3732929376126468
Feni,2024,222.22720336914062,175.64926147460938,0.7904039596036276
Khagrachhari,2024,2673.59765625,276.6905822753906,0.10348998534935809
Lakshmipur,2024,612.8417358398438,342.9460144042969,0.5595996394310851
Noakhali,2024,767.1478271484375,550.7787475585938,0.717956472099897
Rangamati,2024,4953.18212890625,408.2699279785156,0.0824257855562983
Dhaka,2024,251.2510223388672,195.2259063720703,0.7770153711405213
Faridpur,2024,514.8970947265625,396.7442932128906,0.7705312328934052
Gazipur,2024,572.9400024414062,427.31683349609375,0.7458317305044428
Gopalganj,2024,502.7857666015625,386.0316162109375,0.7677854900710664
Jamalpur,2024,153.48829650878906,139.75111389160156,0.9105001297841566
Kishoreganj,2024,321.3460388183594,269.01190185546875,0.8371408679710769
Madaripur,2024,412.4786071777344,338.7997741699219,0.8213753835333701
Manikganj,2024,376.87774658203125,325.1507568359375,0.8627486228220831
Munshiganj,2024,161.8166961669922,142.0487060546875,0.8778371417748856
Mymensingh,2024,396.37493896484375,325.9737243652344,0.8223873215005312
Narayanganj,2024,59.197750091552734,52.44782257080078,0.8859766205588422
Narsingdi,2024,523.66552734375,291.45556640625,0.5565681741256374
Netrakona,2024,60.64850616455078,57.70458221435547,0.951459250418998
Rajbari,2024,250.8362274169922,193.13864135742188,0.7699790550443363
Shariatpur,2024,437.9591369628906,309.1062927246094,0.7057879757188413
Sherpur,2024,126.48430633544922,81.6531753540039,0.6455597355884721
Tangail,2024,846.7919311523438,590.08056640625,0.6968424529072307
Bagerhat,2024,1354.5845947265625,907.274658203125,0.6697807296311886
Chuadanga,2024,397.4093933105469,324.0197448730469,0.8153298596539431
Jessore,2024,661.2731323242188,538.9835205078125,0.8150694382719177
Jhenaidah,2024,572.4783935546875,454.576416015625,0.7940499084917872
Khulna,2024,732.9422607421875,533.4097290039062,0.7277650062963598
Kushtia,2024,323.8697814941406,276.116455078125,0.8525539301761638
Magura,2024,221.4292449951172,193.05471801757812,0.8718573647389496
Meherpur,2024,204.903564453125,163.9915771484375,0.8003354045407698
Narail,2024,232.99851989746094,193.34341430664062,0.8298053326335639
Satkhira,2024,595.299560546875,481.1266174316406,0.8082092602078376
Habiganj,2024,471.0376281738281,165.21884155273438,0.35075508127296207
Maulvibazar,2024,1045.93994140625,297.6084899902344,0.28453688228991847
Sunamganj,2024,112.10325622558594,96.47798919677734,0.8606171885197894
Sylhet,2024,582.8680419921875,384.2040710449219,0.6591613253177322
Bogra,2024,51.921287536621094,50.33152389526367,0.9693812746797519
Joypurhat,2024,19.29962158203125,19.129844665527344,0.9912030960927246
Naogaon,2024,138.88082885742188,121.44873046875,0.8744816074897706
Natore,2024,435.50537109375,359.8132019042969,0.8261969330037056
Nawabganj,2024,188.61294555664062,162.78843688964844,0.8630819926448947
Pabna,2024,478.72052001953125,366.3172912597656,0.7652007297385546
Rajshahi,2024,259.5371398925781,206.5442657470703,0.7958177616989944
Sirajganj,2024,81.72291564941406,75.64082336425781,0.9255766606364361
Dinajpur,2024,39.21351623535156,36.05429458618164,0.9194353898230162
Gaibandha,2024,16.383790969848633,16.327299118041992,0.9965519670074768
Kurigram,2024,85.03541564941406,79.91033935546875,0.9397300965156083
Lalmonirhat,2024,37.68781661987305,37.014408111572266,0.982131930987329
Nilphamari,2024,16.12236785888672,16.12236785888672,1.0
Panchagarh,2024,51.994598388671875,46.28725051879883,0.8902319077991664
Rangpur,2024,53.392093658447266,52.2659912109375,0.9789088164492384
Thakurgaon,2024,13.602194786071777,12.814908981323242,0.9421206785279468
Barguna,2024,83.66199493408203,82.15727233886719,0.9820142635087721
