district,deforested_km2,forest_km2_2016,forest_km2_2024,land_km2,ever_forest_km2,forest_pct_now,forest_loss_pct,protected_loss_km2,forest_km2_per_year,forest_pct_per_year,years_available,trend,recent_loss_km2,loss_rate_all_km2_yr,loss_rate_recent_km2_yr,acceleration,alert,priority,restoration_need,restoration_tier
Dinajpur,276.08270263671875,240.51341247558594,39.21351623535156,3302.108154296875,312.1435241699219,1.1875297356425136,88.44735874976132,0.4209954016459898,-22.455986150104582,-21.75110424987795,9,declining,34.47796630859375,34.51,11.493,0.33,False,Medium,95.0,High
Thakurgaon,407.8341979980469,321.4164733886719,13.602194786071777,1778.8629150390625,417.6734924316406,0.7646567181245152,97.64426169917783,0.0,-38.5755773385338,-32.23171995359297,9,declining,34.624595642089844,50.979,11.542,0.23,False,Medium,89.5,High
Nilphamari,314.9493713378906,248.84230041503906,16.12236785888672,1577.829345703125,325.9605712890625,1.0218068197801289,96.62192273512518,0.0,-27.6865793069187,-30.103776874543886,9,declining,30.501209259033203,39.369,10.167,0.26,False,Medium,88.0,High
Gaibandha,132.4400177001953,107.1689224243164,16.383790969848633,1680.821533203125,148.76724243164062,0.9747489930490243,89.02498664049126,0.0,-9.221147696176581,-17.586075175986213,9,declining,30.454978942871094,16.555,10.152,0.61,False,Medium,86.6,High
Lalmonirhat,355.3788757324219,291.2484130859375,37.68781661987305,1136.88134765625,382.33697509765625,3.3150175871535557,92.94912573957862,0.0,-34.293507544196274,-23.382781946286453,9,declining,64.99576568603516,44.422,21.665,0.49,False,Medium,84.5,High
Rangpur,435.53466796875,365.4582824707031,53.392093658447266,2233.93310546875,484.931396484375,2.3900489019900135,89.81366666012177,0.0,-37.4152243296273,-20.48387762420386,9,declining,93.56549072265625,54.442,31.188,0.57,False,Medium,84.4,High
Mymensingh,731.6793212890625,661.4654541015625,396.37493896484375,4030.572265625,1016.17333984375,9.834209954386711,72.00339672378807,2.205078278252813,-57.295608011873625,-11.29785932528944,9,declining,78.36090850830078,91.46,26.12,0.29,False,Medium,83.4,High
Bogra,193.58078002929688,136.94931030273438,51.921287536621094,2555.428466796875,241.69644165039062,2.031803598153632,80.09252379036174,0.0,-9.521076711017804,-9.599585200161998,9,declining,59.554813385009766,24.198,19.852,0.82,False,Medium,81.6,High
Patuakhali,135.86245727539062,80.7232894897461,30.801923751831055,2036.7845458984375,179.26303100585938,1.5122818863614338,75.78944554995829,0.0,-8.76319878895854,-10.237081025725981,9,declining,51.0768928527832,16.983,17.026,1.0,False,Medium,80.8,High
Panchagarh,227.20236206054688,228.4714813232422,51.994598388671875,1350.615478515625,277.4047546386719,3.849696617264879,81.90283629294129,0.0,-19.592341613768752,-18.577206390467506,9,declining,25.359535217285156,28.4,8.453,0.3,False,Medium,80.5,High
Joypurhat,68.53211212158203,55.74533462524414,19.29962158203125,935.059814453125,87.32079315185547,2.0639986109678707,78.48315349403786,0.0,-2.1451566696168234,-6.644544418943158,9,declining,20.20368766784668,8.567,6.735,0.79,False,Medium,80.5,High
Kurigram,345.0479736328125,320.2340087890625,85.03541564941406,1481.4068603515625,410.82830810546875,5.740179684953919,83.98836370940413,0.0,-28.913688405352392,-16.11786543277221,9,declining,77.51557922363281,43.131,25.839,0.6,False,Medium,79.7,High
Jamalpur,401.59259033203125,337.19317626953125,153.48829650878906,1727.1339111328125,494.21173095703125,8.886878748626815,81.25921850425426,0.0,-30.75455017089599,-15.771804026069292,9,declining,54.471710205078125,50.199,18.157,0.36,False,Medium,77.5,High
Netrakona,106.88179779052734,81.17794036865234,60.64850616455078,1769.50732421875,159.63592529296875,3.4274232909054234,66.95347403435322,0.0,-4.893132019042167,-6.634662088717681,9,declining,19.968881607055664,13.36,6.656,0.5,False,Medium,76.6,High
Sirajganj,284.11358642578125,243.43954467773438,81.72291564941406,1635.6129150390625,390.52886962890625,4.996470430013835,72.75098168689951,0.0,-17.280953470863732,-9.622959432813813,9,declining,75.16859436035156,35.514,25.056,0.71,False,Medium,76.4,High
Narayanganj,155.72454833984375,134.66146850585938,59.197750091552734,650.0611572265625,251.06507873535156,9.106489356188504,62.02557086961244,0.0,-9.692474619545285,-7.026570297771268,9,declining,63.438568115234375,19.466,21.146,1.09,False,Medium,72.0,Medium
Sherpur,185.3758544921875,188.49679565429688,126.48430633544922,1218.002685546875,280.9599609375,10.38456711437041,65.97945624480802,0.0,-14.461214955645753,-9.67598106400355,9,declining,26.215486526489258,23.172,8.738,0.38,False,Medium,71.7,Medium
Dhaka,272.6396484375,421.901611328125,251.2510223388672,1253.3759765625,577.8104858398438,20.04594208259412,47.18496031466443,0.32060718439741553,-23.425770568843035,-5.892964170361586,9,declining,87.3717269897461,34.08,29.124,0.85,False,Medium,70.6,Medium
Sunamganj,135.37924194335938,105.38058471679688,112.10325622558594,1013.8527221679688,238.30162048339844,11.057153941044838,56.810038332404346,0.0,-1.6697870890288227,-1.3006216827968204,9,declining,41.84389877319336,16.922,13.948,0.82,False,Medium,70.0,Medium
Khulna,742.2999877929688,831.65478515625,732.9422607421875,2545.097900390625,1336.10791015625,28.798195174719783,55.55688894216345,158.71396571708368,-22.84326477050151,-2.674103418472683,9,declining,236.703125,92.787,78.901,0.85,False,Medium,69.8,Medium
Barguna,152.5667724609375,167.90054321289062,83.66199493408203,1207.7437744140625,281.0807189941406,6.92713112718554,54.27863320077742,0.0,-11.879838562008768,-6.956068834386912,9,declining,56.80438232421875,19.071,18.935,0.99,False,Medium,69.2,Medium
Rajshahi,348.8267822265625,566.7874755859375,259.5371398925781,2068.907958984375,640.1944580078125,12.544644084601263,54.48762916693441,0.0,-29.03622639973786,-7.509333006878211,9,declining,58.33918762207031,43.603,19.446,0.45,False,Medium,67.0,Medium
Munshiganj,252.2386474609375,336.0693664550781,161.8166961669922,751.911376953125,444.1423645019531,21.520713893531102,56.79229625928384,0.0,-23.95839538573827,-8.31674569276925,9,declining,93.40336608886719,31.53,31.134,0.99,False,Medium,67.0,Medium
Tangail,811.6693115234375,1114.77197265625,846.7919311523438,3063.262939453125,1625.826416015625,27.643462147703158,49.92349143351826,4.132664516410904,-46.21506449380716,-4.431536249274926,9,declining,171.390869140625,101.459,57.13,0.56,False,Medium,65.8,Medium
Satkhira,592.8389282226562,876.66748046875,595.299560546875,2033.2371826171875,1162.333984375,29.27841206310245,51.004180914613144,109.972284645543,-37.934949747715216,-4.84733816578663,9,declining,222.63497924804688,74.105,74.212,1.0,False,Medium,65.6,Medium
Comilla,875.4464721679688,1092.0848388671875,708.0427856445312,2923.46240234375,1599.71484375,24.219322440298562,54.725157773480134,0.0,-27.73118184407403,-2.9914193090125827,9,declining,246.64306640625,109.431,82.214,0.75,False,Medium,63.9,Medium
Kishoreganj,313.0557556152344,408.341552734375,321.3460388183594,1202.5882568359375,577.8958740234375,26.721202123146863,54.17165439089774,0.0,-15.326821899412531,-4.281524715851474,9,declining,79.25204467773438,39.132,26.417,0.68,False,Medium,58.8,Medium
Natore,375.6526794433594,579.9352416992188,435.50537109375,1652.031494140625,742.9791259765625,26.36180803080251,50.56032751251338,0.0,-5.98628743489816,-1.358024641026054,9,declining,53.368377685546875,46.957,17.789,0.38,False,Medium,57.8,Medium
Magura,173.24713134765625,322.9587707519531,221.4292449951172,1006.74755859375,410.0935974121094,21.994515219328175,42.24575375985632,0.0,-6.4836069742834574,-2.3580202549089884,9,declining,38.53143310546875,21.656,12.844,0.59,False,Medium,57.2,Medium
Feni,249.1930389404297,392.08758544921875,222.22720336914062,854.9580078125,506.9754638671875,25.992762374111486,49.15287951799396,0.0,-21.106366984045835,-5.8626802609176645,9,declining,149.05010986328125,31.149,49.683,1.6,True,High,57.0,Medium
Nawabganj,185.40023803710938,380.317138671875,188.61294555664062,1357.2755126953125,489.8233337402344,13.896437664456807,37.85042999511979,0.0,-16.076939900713775,-4.867153064854714,9,declining,59.544189453125,23.175,19.848,0.86,False,Medium,54.1,Medium
Sylhet,370.8045959472656,589.8078002929688,582.8680419921875,2309.146240234375,934.132568359375,25.241711929558313,39.695072038705696,0.0,-15.89148457844396,-2.3230539806654944,9,declining,143.0868682861328,46.351,47.696,1.03,False,Medium,53.0,Medium
Jessore,505.26873779296875,967.6112060546875,661.2731323242188,2378.435302734375,1130.2249755859375,27.80286399062376,44.70514709082805,0.0,-35.312525431311954,-4.5115620130255385,9,declining,97.7474365234375,63.159,32.582,0.52,False,Medium,52.8,Medium
Narail,166.04685974121094,339.6255187988281,232.99851989746094,911.5109252929688,424.2155456542969,25.561791244857858,39.14209685199193,0.0,-11.06105702717927,-3.6281877771025566,9,declining,42.24410629272461,20.756,14.081,0.68,False,Medium,50.6,Medium
Naogaon,184.6515350341797,180.02392578125,138.88082885742188,2959.6416015625,361.56268310546875,4.692488062882402,51.07040733523829,0.0,3.2363409678122954,2.347379926711589,9,recovering,46.9568977355957,23.081,15.652,0.68,False,Medium,49.4,Low
Kushtia,294.15655517578125,391.48956298828125,323.8697814941406,1464.512939453125,642.3292846679688,22.114504608957525,45.79528945622274,0.0,-2.53486124674395,-0.6513605109356394,9,stable,89.06808471679688,36.77,29.689,0.81,False,Medium,48.6,Low
Gazipur,374.7536926269531,726.6680908203125,572.9400024414062,1604.946044921875,1030.3330078125,35.69839648218801,36.37209424383993,5.506749902852467,-20.430434163405852,-2.722862229107758,9,declining,100.40362548828125,46.844,33.468,0.71,False,Medium,48.3,Low
Gopalganj,433.27728271484375,776.4459838867188,502.7857666015625,1421.24365234375,992.4554443359375,35.37646523679642,43.65710170543265,0.0,-32.008577473953125,-4.5973560192975125,9,declining,126.63348388671875,54.16,42.211,0.78,False,Medium,48.0,Low
Faridpur,333.91552734375,608.087890625,514.8970947265625,1757.586181640625,880.703369140625,29.29569543189797,37.91464175612033,0.0,-13.854016113276844,-2.1779208191029404,9,declining,98.50128173828125,41.739,32.834,0.79,False,Medium,45.8,Low
Chuadanga,311.9205322265625,543.5955200195312,397.4093933105469,1114.0633544921875,763.7890014648438,35.67206404448103,40.83857343171232,0.0,-13.088374328610247,-2.44110104578347,9,declining,146.47573852539062,38.99,48.825,1.25,False,Medium,45.6,Low
Manikganj,281.4734802246094,466.4117126464844,376.87774658203125,1084.8785400390625,712.31982421875,34.73916504685043,39.51504235240408,0.0,-11.48840230305635,-2.332975030049505,9,declining,73.91510772705078,35.184,24.638,0.7,False,Medium,45.2,Low
Jhenaidah,358.8949890136719,734.3054809570312,572.4783935546875,1927.4580078125,949.8067016601562,29.701212230527478,37.78610830881309,0.0,-10.65798645019468,-1.6231932857367113,9,declining,80.01610565185547,44.862,26.672,0.59,False,Medium,43.4,Low
Habiganj,131.90933227539062,515.7783813476562,471.0376281738281,2068.549560546875,614.684814453125,22.771396787287856,21.459669927383548,0.01270470099457081,-4.825266011555106,-0.9507563494252184,9,stable,37.367530822753906,16.489,12.456,0.76,False,Medium,41.9,Low
Noakhali,456.6562194824219,883.08984375,767.1478271484375,2205.606689453125,1245.277587890625,34.7817147461885,36.6710381623387,0.0,-19.61622517903127,-2.152880685147379,9,declining,190.85108947753906,57.082,63.617,1.11,False,Medium,40.3,Low
Barisal,483.3405456542969,1138.2115478515625,818.5388793945312,1827.5869140625,1277.473876953125,44.78795908945421,37.8356500570565,0.0,-38.71789347330267,-3.926010390103539,9,declining,189.04417419433594,60.418,63.015,1.04,False,Medium,39.8,Low
Bhola,241.621337890625,533.44873046875,425.9247131347656,1372.5831298828125,700.0318603515625,31.030886498738326,34.51576300674094,0.0,-10.383052571612476,-1.9999714708429916,9,declining,95.6696548461914,30.203,31.89,1.06,False,Medium,38.1,Low
Brahamanbaria,179.6997528076172,249.29991149902344,256.4177551269531,1343.619873046875,431.9319763183594,19.08409962301945,41.60371601549774,0.0,4.75840504964093,1.8257564263124677,9,recovering,47.31553268432617,22.462,15.772,0.7,False,Medium,38.0,Low
Bagerhat,711.3568725585938,1466.984619140625,1354.5845947265625,2798.992919921875,1920.4246826171875,48.39542769419979,37.04164391332153,84.35711361502304,-9.435693359373722,-0.6612049872343522,9,stable,223.32339477539062,88.92,74.441,0.84,False,Medium,37.2,Low
Meherpur,164.63143920898438,251.85044860839844,204.903564453125,664.4117431640625,415.73870849609375,30.839846911394577,39.59973797112309,0.0,0.03332061767679165,0.012117074941325105,9,stable,74.62030792236328,20.579,24.873,1.21,False,Medium,36.7,Low
Madaripur,234.8256072998047,488.03656005859375,412.4786071777344,992.2628784179688,679.9771728515625,41.56948890755408,34.53433683884364,0.0,-5.81491495768084,-1.1860842292971128,9,declining,77.2133560180664,29.353,25.738,0.88,False,Medium,35.9,Low
Chittagong,487.73101806640625,2886.990234375,2567.512451171875,4076.49365234375,3159.31640625,62.98335457227322,15.43786551741192,0.3688521540513172,-38.55194091796245,-1.3818582767438423,9,declining,133.2194366455078,60.966,44.406,0.73,False,Medium,34.5,Low
Shariatpur,203.40904235839844,497.79779052734375,437.9591369628906,924.7020874023438,633.8303833007812,47.362187555258735,32.09203088357972,0.0,-6.3758097330719705,-1.3376931122144928,9,declining,51.00395202636719,25.426,17.001,0.67,False,Medium,33.3,Low
Chandpur,366.3294372558594,920.9701538085938,695.7637329101562,1329.555419921875,1055.079345703125,52.330555197995395,34.72055810283448,0.0,-22.923562622067934,-2.779473760141005,9,declining,136.0448455810547,45.791,45.348,0.99,False,Medium,33.3,Low
Jhalokati,153.94509887695312,419.7163391113281,342.25494384765625,680.707763671875,495.0499572753906,50.27927726304517,31.096881560039247,0.0,-8.834075927732927,-2.2007592705008743,9,declining,78.8499984741211,19.243,26.283,1.37,False,Medium,31.7,Low
Pirojpur,218.43093872070312,647.56884765625,564.7211303710938,1121.7081298828125,765.986328125,50.34474791852418,28.516297315042646,0.0,-11.846271769203838,-1.9181075198792894,9,declining,86.28104400634766,27.304,28.76,1.05,False,Medium,29.4,Low
Lakshmipur,148.5448760986328,678.7129516601562,612.8417358398438,1098.48876953125,778.0420532226562,55.78953129410301,19.092139747891363,0.0,-7.264887491860771,-1.0962908397409399,9,declining,54.34897232055664,18.568,18.116,0.98,False,Medium,26.7,Low
Pabna,269.3288269042969,431.3406066894531,478.72052001953125,1916.7005615234375,749.6563110351562,24.976281096251842,35.926973859847394,0.0,9.38156382242816,1.9364164353948647,9,recovering,81.19815826416016,33.666,27.066,0.8,False,Medium,26.6,Low
Cox's Bazar,213.92283630371094,998.3631591796875,925.1029052734375,1576.6436767578125,1126.1995849609375,58.67545843813016,18.99510878536959,2.1706910318370576,-5.965350341796627,-0.6221793192131562,9,stable,54.07456970214844,26.74,18.025,0.67,False,Medium,25.6,Low
Rangamati,43.95236587524414,4996.45947265625,4953.18212890625,5040.78076171875,5013.8466796875,98.26220109635096,0.8766196631681521,0.28610517603070573,-3.863118489582492,-0.07749612538417557,9,stable,18.26190948486328,5.494,6.087,1.11,False,Low,21.1,Low
Rajbari,108.95713806152344,230.4181671142578,250.8362274169922,942.4078369140625,378.5025634765625,26.616526050797873,28.7863672733805,0.0,6.6687929789223,2.5372513361207307,9,recovering,27.700986862182617,13.62,9.234,0.68,False,Medium,20.5,Low
Narsingdi,204.81214904785156,588.2943115234375,523.66552734375,990.601318359375,714.9437255859375,52.863398991941594,28.64731051104704,0.0,-5.3254201253251905,-0.9405671149152983,9,stable,48.404903411865234,25.602,16.135,0.63,False,Medium,19.1,Low
Maulvibazar,184.78099060058594,1082.8050537109375,1045.93994140625,2242.7431640625,1235.1375732421875,46.63663491059925,14.960357016388313,0.0,-8.086317952471587,-0.7340661813202036,9,stable,63.47603988647461,23.098,21.159,0.92,False,Medium,18.1,Low
Khagrachhari,74.58855438232422,2734.922607421875,2673.59765625,2841.22021484375,2776.46728515625,94.10033204332356,2.6864553665406015,0.0,-7.350508626300589,-0.26953057636877453,9,stable,33.722434997558594,9.324,11.241,1.21,False,Medium,12.8,Low
Bandarban,41.85868453979492,4591.52099609375,4565.93994140625,4611.7236328125,4602.08984375,99.00723254358743,0.909558178153395,0.0,-3.951944986978595,-0.08632505572645827,9,stable,15.269522666931152,5.232,5.09,0.97,False,Low,11.2,Low
